iter	RMSE	PrecisionAt:top=5	RecallAt:top=5	MAP:top=5
0	0.4481449832	0.4	0.7857142857	0.355
1	0.4472213696	0.4	0.7857142857	0.38
2	0.4461540221	0.4	0.7857142857	0.355
3	0.4453755546	0.5	0.8571428571	0.5
4	0.4442668068	0.5	0.8571428571	0.5
5	0.4438828072	0.5	0.8571428571	0.5
6	0.443398731	0.5	0.8571428571	0.5
7	0.4426002003	0.5	0.8571428571	0.5
8	0.4417518411	0.5	0.8571428571	0.5
9	0.4411999331	0.5	0.8571428571	0.5
10	0.4409853331	0.5	0.8571428571	0.5
11	0.4401078326	0.5	0.8571428571	0.5
12	0.4394014251	0.5	0.8571428571	0.5
13	0.4388152474	0.5	0.8571428571	0.5
14	0.4381859759	0.5	0.8571428571	0.5
15	0.4375669042	0.5	0.8571428571	0.5
16	0.4365400358	0.5	0.8571428571	0.5
17	0.4354426098	0.5	0.8571428571	0.5
18	0.4348366658	0.5	0.8571428571	0.5
19	0.4340428102	0.5	0.8571428571	0.5
20	0.4334837491	0.5	0.8571428571	0.5
21	0.432891434	0.5	0.8571428571	0.5
22	0.4317139419	0.5	0.8571428571	0.5
23	0.4308978836	0.5	0.8571428571	0.5
24	0.4300897169	0.5	0.8571428571	0.5
25	0.4293986797	0.5	0.8571428571	0.5
26	0.4289072601	0.5	0.8571428571	0.5
27	0.4283467104	0.5	0.8571428571	0.5
28	0.4275690239	0.5	0.8571428571	0.5
29	0.4269126904	0.5	0.8571428571	0.5
30	0.4260552737	0.5	0.8571428571	0.5
31	0.424945151	0.5	0.8571428571	0.5
32	0.4245095516	0.5	0.8571428571	0.5
33	0.4235987225	0.5	0.8571428571	0.5
34	0.4230669537	0.5	0.8571428571	0.5
35	0.4224733092	0.5	0.8571428571	0.5
36	0.4213704469	0.5	0.8571428571	0.5
37	0.4203840062	0.5	0.8571428571	0.5
38	0.4200825795	0.5	0.8571428571	0.5
39	0.4192517545	0.5	0.8571428571	0.5
40	0.4185081171	0.5	0.8571428571	0.5
41	0.4178746511	0.5	0.8571428571	0.5
42	0.4169543368	0.5	0.8571428571	0.5
43	0.4162499449	0.5	0.8571428571	0.5
44	0.4154533241	0.5	0.8571428571	0.5
45	0.4147530639	0.5	0.8571428571	0.5
46	0.4139118574	0.5	0.8571428571	0.5
47	0.4134376696	0.5	0.8571428571	0.5
48	0.412492694	0.5	0.8571428571	0.5
49	0.4116593881	0.5	0.8571428571	0.5
50	0.4109096212	0.5	0.8571428571	0.5
51	0.41030243	0.5	0.8571428571	0.5
52	0.409462825	0.5	0.8571428571	0.5
53	0.4087572405	0.5	0.8571428571	0.5
54	0.4078324092	0.5	0.8571428571	0.5
55	0.4069153576	0.5	0.8571428571	0.5
56	0.4059516045	0.5	0.8571428571	0.5
57	0.4051047397	0.5	0.8571428571	0.5
58	0.4043827691	0.5	0.8571428571	0.5
59	0.4037810729	0.5	0.8571428571	0.5
60	0.4033187401	0.5	0.8571428571	0.5
61	0.4026036429	0.5	0.8571428571	0.5
62	0.4018236019	0.5	0.8571428571	0.5
63	0.4010999572	0.5	0.8571428571	0.5
64	0.4005650601	0.5	0.8571428571	0.5
65	0.399894448	0.5	0.8571428571	0.5
66	0.3989284266	0.5	0.8571428571	0.5
67	0.3981081917	0.5	0.8571428571	0.5
68	0.3976286689	0.5	0.8571428571	0.5
69	0.3971697999	0.5	0.8571428571	0.5
70	0.3963775604	0.5	0.8571428571	0.5
71	0.3957022809	0.5	0.8571428571	0.5
72	0.3947062228	0.5	0.8571428571	0.5
73	0.3939371215	0.5	0.8571428571	0.5
74	0.3931497041	0.5	0.8571428571	0.5
75	0.3926144956	0.5	0.8571428571	0.5
76	0.3920852643	0.5	0.8571428571	0.5
77	0.3918925528	0.5	0.8571428571	0.5
78	0.3912103213	0.5	0.8571428571	0.5
79	0.3903549045	0.5	0.8571428571	0.5
80	0.3897374335	0.5	0.8571428571	0.5
81	0.3893846539	0.5	0.8571428571	0.5
82	0.3884575953	0.5	0.8571428571	0.5
83	0.3875952374	0.5	0.8571428571	0.5
84	0.3870941027	0.5	0.8571428571	0.5
85	0.3862975092	0.5	0.8571428571	0.5
86	0.3853529696	0.5	0.8571428571	0.5
87	0.3847845644	0.5	0.8571428571	0.5
88	0.3842780237	0.5	0.8571428571	0.5
89	0.383831188	0.5	0.8571428571	0.5
90	0.3834330384	0.5	0.8571428571	0.5
91	0.3830483577	0.5	0.8571428571	0.5
92	0.3820006445	0.5	0.8571428571	0.5
93	0.3809877174	0.5	0.8571428571	0.5
94	0.3803169867	0.5	0.8571428571	0.5
95	0.3799974543	0.5	0.8571428571	0.5
96	0.3793923307	0.5	0.8571428571	0.5
97	0.378231239	0.5	0.8571428571	0.5
98	0.3778330214	0.5	0.8571428571	0.5
99	0.3770209373	0.5	0.8571428571	0.5
100	0.3763774274	0.5	0.8571428571	0.5
101	0.375517323	0.5	0.8571428571	0.5
102	0.3748017962	0.5	0.8571428571	0.5
103	0.3743936105	0.5	0.8571428571	0.5
104	0.3742572017	0.5	0.8571428571	0.5
105	0.3733257114	0.5	0.8571428571	0.5
106	0.3726725844	0.5	0.8571428571	0.5
107	0.3719119774	0.5	0.8571428571	0.5
108	0.3713361237	0.5	0.8571428571	0.5
109	0.3707133629	0.5	0.8571428571	0.5
110	0.3701697634	0.5	0.8571428571	0.5
111	0.3694644511	0.5	0.8571428571	0.5
112	0.3689496086	0.5	0.8571428571	0.5
113	0.3683463086	0.5	0.8571428571	0.5
114	0.3676884075	0.5	0.8571428571	0.5
115	0.3671137423	0.5	0.8571428571	0.5
116	0.3664113785	0.5	0.8571428571	0.5
117	0.3660318119	0.5	0.8571428571	0.5
118	0.3651740126	0.5	0.8571428571	0.5
119	0.364609242	0.5	0.8571428571	0.5
120	0.3638955333	0.5	0.8571428571	0.5
121	0.3633338613	0.5	0.8571428571	0.5
122	0.3626024482	0.5	0.8571428571	0.5
123	0.3624053398	0.5	0.8571428571	0.5
124	0.3616773623	0.5	0.8571428571	0.5
125	0.361125713	0.5	0.8571428571	0.5
126	0.3603104263	0.5	0.8571428571	0.5
127	0.3597641377	0.5	0.8571428571	0.5
128	0.3589289691	0.5	0.8571428571	0.5
129	0.358143666	0.5	0.8571428571	0.5
130	0.3573829122	0.5	0.8571428571	0.5
131	0.3571226012	0.5	0.8571428571	0.5
132	0.3564906294	0.5	0.8571428571	0.5
133	0.3557929063	0.5	0.8571428571	0.5
134	0.3550498067	0.5	0.8571428571	0.5
135	0.3542508409	0.5	0.8571428571	0.5
136	0.3536295458	0.5	0.8571428571	0.5
137	0.3531027911	0.5	0.8571428571	0.5
138	0.3525233336	0.5	0.8571428571	0.5
139	0.3518811952	0.5	0.8571428571	0.5
140	0.3515154885	0.5	0.8571428571	0.5
141	0.3509514572	0.5	0.8571428571	0.5
142	0.350606384	0.5	0.8571428571	0.5
143	0.3500975105	0.5	0.8571428571	0.5
144	0.3497485369	0.5	0.8571428571	0.5
145	0.3492721546	0.5	0.8571428571	0.5
146	0.3487189099	0.5	0.8571428571	0.5
147	0.3483207258	0.5	0.8571428571	0.5
148	0.3480545354	0.5	0.8571428571	0.5
149	0.3474902755	0.5	0.8571428571	0.5
150	0.3471580935	0.5	0.8571428571	0.5
151	0.346981284	0.5	0.8571428571	0.5
152	0.3463873532	0.5	0.8571428571	0.5
153	0.3457286153	0.5	0.8571428571	0.5
154	0.3451685694	0.5	0.8571428571	0.5
155	0.3444353934	0.5	0.8571428571	0.5
156	0.3438916718	0.5	0.8571428571	0.5
157	0.343314873	0.5	0.8571428571	0.5
158	0.342726963	0.5	0.8571428571	0.5
159	0.3423975523	0.5	0.8571428571	0.5
160	0.3417969342	0.5	0.8571428571	0.5
161	0.3415147984	0.5	0.8571428571	0.5
162	0.3408352137	0.5	0.8571428571	0.5
163	0.3403810898	0.5	0.8571428571	0.5
164	0.3398859888	0.5	0.8571428571	0.5
165	0.3392537448	0.5	0.8571428571	0.5
166	0.3386413236	0.5	0.8571428571	0.5
167	0.3383860329	0.5	0.8571428571	0.5
168	0.3376292668	0.5	0.8571428571	0.5
169	0.3371232589	0.5	0.8571428571	0.5
170	0.3366721475	0.5	0.8571428571	0.5
171	0.3364125165	0.5	0.8571428571	0.5
172	0.335830445	0.5	0.8571428571	0.5
173	0.3352718539	0.5	0.8571428571	0.5
174	0.3346181886	0.5	0.8571428571	0.5
175	0.3341064047	0.5	0.8571428571	0.5
176	0.333633598	0.5	0.8571428571	0.5
177	0.3330979461	0.5	0.8571428571	0.5
178	0.3327452998	0.5	0.8571428571	0.5
179	0.332122526	0.5	0.8571428571	0.5
180	0.3317002408	0.5	0.8571428571	0.5
181	0.3312592907	0.5	0.8571428571	0.5
182	0.3304784416	0.5	0.8571428571	0.5
183	0.3297621509	0.5	0.8571428571	0.5
184	0.3294048686	0.5	0.8571428571	0.5
185	0.3287704828	0.5	0.8571428571	0.5
186	0.3284092444	0.5	0.8571428571	0.5
187	0.3276216087	0.5	0.8571428571	0.5
188	0.3271019027	0.5	0.8571428571	0.5
189	0.3268767468	0.5	0.8571428571	0.5
190	0.3264128752	0.5	0.8571428571	0.5
191	0.3260169255	0.5	0.8571428571	0.5
192	0.3256279973	0.5	0.8571428571	0.5
193	0.3250997156	0.5	0.8571428571	0.5
194	0.3247582718	0.5	0.8571428571	0.5
195	0.3240768904	0.5	0.8571428571	0.5
196	0.3235195616	0.5	0.8571428571	0.5
197	0.3232792015	0.5	0.8571428571	0.5
198	0.3227532442	0.5	0.8571428571	0.5
199	0.3220598323	0.5	0.8571428571	0.5
200	0.321410386	0.5	0.8571428571	0.5
201	0.3211074295	0.5	0.8571428571	0.5
202	0.3205762094	0.5	0.8571428571	0.5
203	0.3198976829	0.5	0.8571428571	0.5
204	0.3191977537	0.5	0.8571428571	0.5
205	0.318832426	0.5	0.8571428571	0.5
206	0.3184542381	0.5	0.8571428571	0.5
207	0.3176571253	0.5	0.8571428571	0.5
208	0.3171043948	0.5	0.8571428571	0.5
209	0.3165900744	0.5	0.8571428571	0.5
210	0.3159656282	0.5	0.8571428571	0.5
211	0.3153189479	0.5	0.8571428571	0.5
212	0.3144505388	0.5	0.8571428571	0.5
213	0.3141092067	0.5	0.8571428571	0.5
214	0.3136616676	0.5	0.8571428571	0.5
215	0.3132275654	0.5	0.8571428571	0.5
216	0.3126813666	0.5	0.8571428571	0.5
217	0.3122226699	0.5	0.8571428571	0.5
218	0.3116724221	0.5	0.8571428571	0.5
219	0.3112658539	0.5	0.8571428571	0.5
220	0.3105117938	0.5	0.8571428571	0.5
221	0.3100447682	0.5	0.8571428571	0.5
222	0.3095064889	0.5	0.8571428571	0.5
223	0.3086187429	0.5	0.8571428571	0.5
224	0.3082770373	0.5	0.8571428571	0.5
225	0.308044607	0.5	0.8571428571	0.5
226	0.3072964708	0.5	0.8571428571	0.5
227	0.3067202795	0.5	0.8571428571	0.5
228	0.3063384794	0.5	0.8571428571	0.5
229	0.3058894863	0.5	0.8571428571	0.5
230	0.3056231067	0.5	0.8571428571	0.5
231	0.3052614961	0.5	0.8571428571	0.5
232	0.3049494271	0.5	0.8571428571	0.5
233	0.3044564823	0.5	0.8571428571	0.5
234	0.3038599742	0.5	0.8571428571	0.5
235	0.3033777238	0.5	0.8571428571	0.5
236	0.3032051633	0.5	0.8571428571	0.5
237	0.3027013114	0.5	0.8571428571	0.5
238	0.3019026453	0.5	0.8571428571	0.5
239	0.3015659702	0.5	0.8571428571	0.5
240	0.3010077709	0.5	0.8571428571	0.5
241	0.3004335372	0.5	0.8571428571	0.5
242	0.2999099414	0.5	0.8571428571	0.5
243	0.2994957874	0.5	0.8571428571	0.5
244	0.2990037747	0.5	0.8571428571	0.5
245	0.2984396694	0.5	0.8571428571	0.5
246	0.2978402006	0.5	0.8571428571	0.5
247	0.2974491599	0.5	0.8571428571	0.5
248	0.2970170315	0.5	0.8571428571	0.5
249	0.2962674282	0.5	0.8571428571	0.5
250	0.2955224049	0.5	0.8571428571	0.5
251	0.2950431601	0.5	0.8571428571	0.5
252	0.2944079221	0.5	0.8571428571	0.5
253	0.293985699	0.5	0.8571428571	0.5
254	0.2934281902	0.5	0.8571428571	0.5
255	0.2930884349	0.5	0.8571428571	0.5
256	0.292432306	0.5	0.8571428571	0.5
257	0.2919564388	0.5	0.8571428571	0.5
258	0.291235181	0.5	0.8571428571	0.5
259	0.2907169925	0.5	0.8571428571	0.5
260	0.2904884409	0.5	0.8571428571	0.5
261	0.2901134171	0.5	0.8571428571	0.5
262	0.2898177181	0.5	0.8571428571	0.5
263	0.2891851054	0.5	0.8571428571	0.5
264	0.2888559305	0.5	0.8571428571	0.5
265	0.2887037085	0.5	0.8571428571	0.5
266	0.2882485043	0.5	0.8571428571	0.5
267	0.2877384665	0.5	0.8571428571	0.5
268	0.2873693278	0.5	0.8571428571	0.5
269	0.2868873356	0.5	0.8571428571	0.5
270	0.2866015324	0.5	0.8571428571	0.5
271	0.286404484	0.5	0.8571428571	0.5
272	0.2862399897	0.5	0.8571428571	0.5
273	0.2858959675	0.5	0.8571428571	0.5
274	0.2853605306	0.5	0.8571428571	0.5
275	0.2848971508	0.5	0.8571428571	0.5
276	0.2844051563	0.5	0.8571428571	0.5
277	0.2837235105	0.5	0.8571428571	0.5
278	0.2833933846	0.5	0.8571428571	0.5
279	0.283132248	0.5	0.8571428571	0.5
280	0.2827743257	0.5	0.8571428571	0.5
281	0.2823749311	0.5	0.8571428571	0.5
282	0.2820768337	0.5	0.8571428571	0.5
283	0.2816656096	0.5	0.8571428571	0.5
284	0.281241844	0.5	0.8571428571	0.5
285	0.2810078227	0.5	0.8571428571	0.5
286	0.2804456116	0.5	0.8571428571	0.5
287	0.2801521525	0.5	0.8571428571	0.5
288	0.2794531216	0.5	0.8571428571	0.5
289	0.2790292357	0.5	0.8571428571	0.5
290	0.2782695934	0.5	0.8571428571	0.5
291	0.2774407567	0.5	0.8571428571	0.5
292	0.2769651392	0.5	0.8571428571	0.5
293	0.2765598261	0.5	0.8571428571	0.5
294	0.2760543142	0.5	0.8571428571	0.5
295	0.2757737782	0.5	0.8571428571	0.5
296	0.2749992201	0.5	0.8571428571	0.5
297	0.2744579513	0.5	0.8571428571	0.5
298	0.2738536495	0.5	0.8571428571	0.5
299	0.273319694	0.5	0.8571428571	0.5
300	0.2727769437	0.5	0.8571428571	0.5
301	0.272332523	0.5	0.8571428571	0.5
302	0.2719699051	0.5	0.8571428571	0.5
303	0.2714994065	0.5	0.8571428571	0.5
304	0.2709653374	0.5	0.8571428571	0.5
305	0.2704810131	0.5	0.8571428571	0.5
306	0.2701076203	0.5	0.8571428571	0.5
307	0.2698336733	0.5	0.8571428571	0.5
308	0.2692863538	0.5	0.8571428571	0.5
309	0.2687223081	0.5	0.8571428571	0.5
310	0.2684078411	0.5	0.8571428571	0.5
311	0.2678683457	0.5	0.8571428571	0.5
312	0.2674209112	0.5	0.8571428571	0.5
313	0.2669964372	0.5	0.8571428571	0.5
314	0.266470205	0.5	0.8571428571	0.5
315	0.2662411622	0.5	0.8571428571	0.5
316	0.2657391687	0.5	0.8571428571	0.5
317	0.2654130316	0.5	0.8571428571	0.5
318	0.2650920027	0.5	0.8571428571	0.5
319	0.2642671841	0.5	0.8571428571	0.5
320	0.2639458692	0.5	0.8571428571	0.5
321	0.2634830374	0.5	0.8571428571	0.5
322	0.2628693843	0.5	0.8571428571	0.5
323	0.2622785658	0.5	0.8571428571	0.5
324	0.261845915	0.5	0.8571428571	0.5
325	0.2613619844	0.5	0.8571428571	0.5
326	0.2608606004	0.5	0.8571428571	0.5
327	0.2603026637	0.5	0.8571428571	0.5
328	0.259745029	0.5	0.8571428571	0.5
329	0.2591332921	0.5	0.8571428571	0.5
330	0.2586801211	0.5	0.8571428571	0.5
331	0.2582426444	0.5	0.8571428571	0.5
332	0.2573597454	0.5	0.8571428571	0.5
333	0.2571584912	0.5	0.8571428571	0.5
334	0.2565602196	0.5	0.8571428571	0.5
335	0.2559568181	0.5	0.8571428571	0.5
336	0.2554606441	0.5	0.8571428571	0.5
337	0.2553310594	0.5	0.8571428571	0.5
338	0.2547930799	0.5	0.8571428571	0.5
339	0.2546026209	0.5	0.8571428571	0.5
340	0.2540644325	0.5	0.8571428571	0.5
341	0.2538367515	0.5	0.8571428571	0.5
342	0.2535004089	0.5	0.8571428571	0.5
343	0.2532892744	0.5	0.8571428571	0.5
344	0.2528653613	0.5	0.8571428571	0.5
345	0.2524405997	0.5	0.8571428571	0.5
346	0.2521030102	0.5	0.8571428571	0.5
347	0.2517206958	0.5	0.8571428571	0.5
348	0.2512468783	0.5	0.8571428571	0.5
349	0.2508370648	0.5	0.8571428571	0.5
350	0.2502103367	0.5	0.8571428571	0.5
351	0.249799103	0.5	0.8571428571	0.5
352	0.2491610154	0.5	0.8571428571	0.5
353	0.2483180635	0.5	0.8571428571	0.5
354	0.2479479921	0.5	0.8571428571	0.5
355	0.2475189913	0.5	0.8571428571	0.5
356	0.2472928755	0.5	0.8571428571	0.5
357	0.246917563	0.5	0.8571428571	0.5
358	0.2465336489	0.5	0.8571428571	0.5
359	0.2464200149	0.5	0.8571428571	0.5
360	0.2458635186	0.5	0.8571428571	0.5
361	0.2452488647	0.5	0.8571428571	0.5
362	0.2449839198	0.5	0.8571428571	0.5
363	0.244590694	0.5	0.8571428571	0.5
364	0.2441961864	0.5	0.8571428571	0.5
365	0.2437308291	0.5	0.8571428571	0.5
366	0.24321366	0.5	0.8571428571	0.5
367	0.242748878	0.5	0.8571428571	0.5
368	0.24228235	0.5	0.8571428571	0.5
369	0.2419238188	0.5	0.8571428571	0.5
370	0.2413377824	0.5	0.8571428571	0.5
371	0.2409164085	0.5	0.8571428571	0.5
372	0.2407118602	0.5	0.8571428571	0.5
373	0.2401670071	0.5	0.8571428571	0.5
374	0.2398150344	0.5	0.8571428571	0.5
375	0.2391210837	0.5	0.8571428571	0.5
376	0.2387704744	0.5	0.8571428571	0.5
377	0.2383873154	0.5	0.8571428571	0.5
378	0.2379534687	0.5	0.8571428571	0.5
379	0.2374787434	0.5	0.8571428571	0.5
380	0.2369450193	0.5	0.8571428571	0.5
381	0.2365418618	0.5	0.8571428571	0.5
382	0.2364113025	0.5	0.8571428571	0.5
383	0.2360371423	0.5	0.8571428571	0.5
384	0.2356133305	0.5	0.8571428571	0.5
385	0.2350680826	0.5	0.8571428571	0.5
386	0.2346525177	0.5	0.8571428571	0.5
387	0.2343753923	0.5	0.8571428571	0.5
388	0.2339605379	0.5	0.8571428571	0.5
389	0.2337838377	0.5	0.8571428571	0.5
390	0.2334262876	0.5	0.8571428571	0.5
391	0.2329333828	0.5	0.8571428571	0.5
392	0.2323959027	0.5	0.8571428571	0.5
393	0.2319269326	0.5	0.8571428571	0.5
394	0.2316160567	0.5	0.8571428571	0.5
395	0.2313179353	0.5	0.8571428571	0.5
396	0.2308791935	0.5	0.8571428571	0.5
397	0.2304645584	0.5	0.8571428571	0.5
398	0.2299971461	0.5	0.8571428571	0.5
399	0.2296668294	0.5	0.8571428571	0.5
400	0.2292809522	0.5	0.8571428571	0.5
401	0.228918927	0.5	0.8571428571	0.5
402	0.2285827141	0.5	0.8571428571	0.5
403	0.2281766392	0.5	0.8571428571	0.5
404	0.227698701	0.5	0.8571428571	0.5
405	0.2274036687	0.5	0.8571428571	0.5
406	0.2270146813	0.5	0.8571428571	0.5
407	0.2265986559	0.5	0.8571428571	0.5
408	0.2263272754	0.5	0.8571428571	0.5
409	0.2258750417	0.5	0.8571428571	0.5
410	0.2255998838	0.5	0.8571428571	0.5
411	0.2252404305	0.5	0.8571428571	0.5
412	0.2246801566	0.5	0.8571428571	0.5
413	0.2243572578	0.5	0.8571428571	0.5
414	0.223926516	0.5	0.8571428571	0.5
415	0.223542318	0.5	0.8571428571	0.5
416	0.2228895632	0.5	0.8571428571	0.5
417	0.2223542901	0.5	0.8571428571	0.5
418	0.2219569511	0.5	0.8571428571	0.5
419	0.2216647357	0.5	0.8571428571	0.5
420	0.2212854677	0.5	0.8571428571	0.5
421	0.2210926952	0.5	0.8571428571	0.5
422	0.2207049672	0.5	0.8571428571	0.5
423	0.22054382	0.5	0.8571428571	0.5
424	0.2204442159	0.5	0.8571428571	0.5
425	0.2201415414	0.5	0.8571428571	0.5
426	0.2196377326	0.5	0.8571428571	0.5
427	0.2193474129	0.5	0.8571428571	0.5
428	0.2187483917	0.5	0.8571428571	0.5
429	0.2183681402	0.5	0.8571428571	0.5
430	0.217917443	0.5	0.8571428571	0.5
431	0.2174672446	0.5	0.8571428571	0.5
432	0.2169392973	0.5	0.8571428571	0.5
433	0.2167759489	0.5	0.8571428571	0.5
434	0.2162952554	0.5	0.8571428571	0.5
435	0.2159422891	0.5	0.8571428571	0.5
436	0.2153848404	0.5	0.8571428571	0.5
437	0.2151692894	0.5	0.8571428571	0.5
438	0.2148567745	0.5	0.8571428571	0.5
439	0.2143938175	0.5	0.8571428571	0.5
440	0.2139996021	0.5	0.8571428571	0.5
441	0.2136400237	0.5	0.8571428571	0.5
442	0.2132602617	0.5	0.8571428571	0.5
443	0.2129080874	0.5	0.8571428571	0.5
444	0.2126070464	0.5	0.8571428571	0.5
445	0.2120756498	0.5	0.8571428571	0.5
446	0.2116278939	0.5	0.8571428571	0.5
447	0.2111572051	0.5	0.8571428571	0.5
448	0.2108294844	0.5	0.8571428571	0.5
449	0.2103986683	0.5	0.8571428571	0.5
450	0.2102505834	0.5	0.8571428571	0.5
451	0.2098354996	0.5	0.8571428571	0.5
452	0.2094285135	0.5	0.8571428571	0.5
453	0.2089117434	0.5	0.8571428571	0.5
454	0.2083990721	0.5	0.8571428571	0.5
455	0.2080635726	0.5	0.8571428571	0.5
456	0.2076230358	0.5	0.8571428571	0.5
457	0.2072968942	0.5	0.8571428571	0.5
458	0.2069068201	0.5	0.8571428571	0.5
459	0.2065306055	0.5	0.8571428571	0.5
460	0.2060398062	0.5	0.8571428571	0.5
461	0.2056417722	0.5	0.8571428571	0.5
462	0.2052344741	0.5	0.8571428571	0.5
463	0.204727082	0.5	0.8571428571	0.5
464	0.2046576369	0.5	0.8571428571	0.5
465	0.2042704075	0.5	0.8571428571	0.5
466	0.2039320438	0.5	0.8571428571	0.5
467	0.2037823608	0.5	0.8571428571	0.5
468	0.2033483921	0.5	0.8571428571	0.5
469	0.2030689093	0.5	0.8571428571	0.5
470	0.2027315666	0.5	0.8571428571	0.5
471	0.2023577751	0.5	0.8571428571	0.5
472	0.20187235	0.5	0.8571428571	0.5
473	0.2014027874	0.5	0.8571428571	0.5
474	0.2010050506	0.5	0.8571428571	0.5
475	0.200510641	0.5	0.8571428571	0.5
476	0.2001407407	0.5	0.8571428571	0.5
477	0.1996689169	0.5	0.8571428571	0.5
478	0.1993492195	0.5	0.8571428571	0.5
479	0.1989107556	0.5	0.8571428571	0.5
480	0.1986731235	0.5	0.8571428571	0.5
481	0.1982607645	0.5	0.8571428571	0.5
482	0.1979828213	0.5	0.8571428571	0.5
483	0.1974476302	0.5	0.8571428571	0.5
484	0.1970945304	0.5	0.8571428571	0.5
485	0.196951767	0.5	0.8571428571	0.5
486	0.1965473172	0.5	0.8571428571	0.5
487	0.1962741683	0.5	0.8571428571	0.5
488	0.1958230651	0.5	0.8571428571	0.5
489	0.1953653465	0.5	0.8571428571	0.5
490	0.1951021799	0.5	0.8571428571	0.5
491	0.1948694993	0.5	0.8571428571	0.5
492	0.1944887019	0.5	0.8571428571	0.5
493	0.1941093482	0.5	0.8571428571	0.5
494	0.1938537133	0.5	0.8571428571	0.5
495	0.1933316351	0.5	0.8571428571	0.5
496	0.1930217665	0.5	0.8571428571	0.5
497	0.1927738723	0.5	0.8571428571	0.5
498	0.1923233829	0.5	0.8571428571	0.5
499	0.1920840083	0.5	0.8571428571	0.5
500	0.1916777219	0.5	0.8571428571	0.5
501	0.1913058405	0.5	0.8571428571	0.5
502	0.1909299912	0.5	0.8571428571	0.5
503	0.1906410782	0.5	0.8571428571	0.5
504	0.1901465057	0.5	0.8571428571	0.5
505	0.1898162569	0.5	0.8571428571	0.5
506	0.1895141999	0.5	0.8571428571	0.5
507	0.1890459529	0.5	0.8571428571	0.5
508	0.1885781574	0.5	0.8571428571	0.5
509	0.1881020627	0.5	0.8571428571	0.5
510	0.1877515372	0.5	0.8571428571	0.5
511	0.1875035052	0.5	0.8571428571	0.5
512	0.1871305301	0.5	0.8571428571	0.5
513	0.1866532594	0.5	0.8571428571	0.5
514	0.1863593627	0.5	0.8571428571	0.5
515	0.1859362618	0.5	0.8571428571	0.5
516	0.1854339011	0.5	0.8571428571	0.5
517	0.1850842327	0.5	0.8571428571	0.5
518	0.1847026275	0.5	0.8571428571	0.5
519	0.1844861516	0.5	0.8571428571	0.5
520	0.183982842	0.5	0.8571428571	0.5
521	0.1836605777	0.5	0.8571428571	0.5
522	0.1832448613	0.5	0.8571428571	0.5
523	0.1828390488	0.5	0.8571428571	0.5
524	0.1824929618	0.5	0.8571428571	0.5
525	0.1821943343	0.5	0.8571428571	0.5
526	0.1819099836	0.5	0.8571428571	0.5
527	0.181587852	0.5	0.8571428571	0.5
528	0.181125203	0.5	0.8571428571	0.5
529	0.1809165811	0.5	0.8571428571	0.5
530	0.1804286022	0.5	0.8571428571	0.5
531	0.1799443441	0.5	0.8571428571	0.5
532	0.1793696112	0.5	0.8571428571	0.5
533	0.179177361	0.5	0.8571428571	0.5
534	0.1788407366	0.5	0.8571428571	0.5
535	0.1784745536	0.5	0.8571428571	0.5
536	0.1782122561	0.5	0.8571428571	0.5
537	0.1778212154	0.5	0.8571428571	0.5
538	0.1775188259	0.5	0.8571428571	0.5
539	0.1772355367	0.5	0.8571428571	0.5
540	0.1769711887	0.5	0.8571428571	0.5
541	0.1766958788	0.5	0.8571428571	0.5
542	0.1764243602	0.5	0.8571428571	0.5
543	0.176034842	0.5	0.8571428571	0.5
544	0.175663905	0.5	0.8571428571	0.5
545	0.175294436	0.5	0.8571428571	0.5
546	0.1750054704	0.5	0.8571428571	0.5
547	0.1747761703	0.5	0.8571428571	0.5
548	0.1742121497	0.5	0.8571428571	0.5
549	0.1738059388	0.5	0.8571428571	0.5
550	0.1732993023	0.5	0.8571428571	0.5
551	0.172933493	0.5	0.8571428571	0.5
552	0.1726719093	0.5	0.8571428571	0.5
553	0.1724443055	0.5	0.8571428571	0.5
554	0.1721553325	0.5	0.8571428571	0.5
555	0.1716392432	0.5	0.8571428571	0.5
556	0.1712716834	0.5	0.8571428571	0.5
557	0.1708964451	0.5	0.8571428571	0.5
558	0.170630125	0.5	0.8571428571	0.5
559	0.1704122764	0.5	0.8571428571	0.5
560	0.1699289511	0.5	0.8571428571	0.5
561	0.1695733143	0.5	0.8571428571	0.5
562	0.1691767369	0.5	0.8571428571	0.5
563	0.1688593603	0.5	0.8571428571	0.5
564	0.1684341857	0.5	0.8571428571	0.5
565	0.1681891449	0.5	0.8571428571	0.5
566	0.1677691008	0.5	0.8571428571	0.5
567	0.1674311634	0.5	0.8571428571	0.5
568	0.1670012444	0.5	0.8571428571	0.5
569	0.1666896953	0.5	0.8571428571	0.5
570	0.1664194447	0.5	0.8571428571	0.5
571	0.1662464092	0.5	0.8571428571	0.5
572	0.1657361304	0.5	0.8571428571	0.5
573	0.1655353386	0.5	0.8571428571	0.5
574	0.1652230481	0.5	0.8571428571	0.5
575	0.1648798264	0.5	0.8571428571	0.5
576	0.1646328175	0.5	0.8571428571	0.5
577	0.1643161911	0.5	0.8571428571	0.5
578	0.1639615611	0.5	0.8571428571	0.5
579	0.1636945274	0.5	0.8571428571	0.5
580	0.1633667763	0.5	0.8571428571	0.5
581	0.1629378569	0.5	0.8571428571	0.5
582	0.1626751616	0.5	0.8571428571	0.5
583	0.1623918131	0.5	0.8571428571	0.5
584	0.162053834	0.5	0.8571428571	0.5
585	0.1617053483	0.5	0.8571428571	0.5
586	0.1614322833	0.5	0.8571428571	0.5
587	0.1610272836	0.5	0.8571428571	0.5
588	0.1607369549	0.5	0.8571428571	0.5
589	0.1604298326	0.5	0.8571428571	0.5
590	0.159918407	0.5	0.8571428571	0.5
591	0.1595415214	0.5	0.8571428571	0.5
592	0.1591332135	0.5	0.8571428571	0.5
593	0.1586940687	0.5	0.8571428571	0.5
594	0.1584986549	0.5	0.8571428571	0.5
595	0.1583264734	0.5	0.8571428571	0.5
596	0.1579510143	0.5	0.8571428571	0.5
597	0.157479771	0.5	0.8571428571	0.5
598	0.1570977163	0.5	0.8571428571	0.5
599	0.1566461536	0.5	0.8571428571	0.5
600	0.1562819142	0.5	0.8571428571	0.5
601	0.1558167964	0.5	0.8571428571	0.5
602	0.1556636343	0.5	0.8571428571	0.5
603	0.1554626909	0.5	0.8571428571	0.5
604	0.1551905536	0.5	0.8571428571	0.5
605	0.1549233164	0.5	0.8571428571	0.5
606	0.1545611795	0.5	0.8571428571	0.5
607	0.1541969092	0.5	0.8571428571	0.5
608	0.1538104798	0.5	0.8571428571	0.5
609	0.1534990823	0.5	0.8571428571	0.5
610	0.1532064114	0.5	0.8571428571	0.5
611	0.1528065644	0.5	0.8571428571	0.5
612	0.1525668069	0.5	0.8571428571	0.5
613	0.1523413249	0.5	0.8571428571	0.5
614	0.1519874615	0.5	0.8571428571	0.5
615	0.1516147304	0.5	0.8571428571	0.5
616	0.151338239	0.5	0.8571428571	0.5
617	0.1511070352	0.5	0.8571428571	0.5
618	0.1508065184	0.5	0.8571428571	0.5
619	0.150470496	0.5	0.8571428571	0.5
620	0.1500412473	0.5	0.8571428571	0.5
621	0.1495754368	0.5	0.8571428571	0.5
622	0.1492219477	0.5	0.8571428571	0.5
623	0.1488730924	0.5	0.8571428571	0.5
624	0.1485162506	0.5	0.8571428571	0.5
625	0.1483045083	0.5	0.8571428571	0.5
626	0.1479630757	0.5	0.8571428571	0.5
627	0.1476828832	0.5	0.8571428571	0.5
628	0.1472990411	0.5	0.8571428571	0.5
629	0.1471207042	0.5	0.8571428571	0.5
630	0.1470102002	0.5	0.8571428571	0.5
631	0.1468098614	0.5	0.8571428571	0.5
632	0.1466088134	0.5	0.8571428571	0.5
633	0.1463295321	0.5	0.8571428571	0.5
634	0.1459651944	0.5	0.8571428571	0.5
635	0.1456537853	0.5	0.8571428571	0.5
636	0.1453506705	0.5	0.8571428571	0.5
637	0.1449924454	0.5	0.8571428571	0.5
638	0.1446986878	0.5	0.8571428571	0.5
639	0.1444270407	0.5	0.8571428571	0.5
640	0.1441908901	0.5	0.8571428571	0.5
641	0.1439013382	0.5	0.8571428571	0.5
642	0.1435252482	0.5	0.8571428571	0.5
643	0.1431902851	0.5	0.8571428571	0.5
644	0.1429632171	0.5	0.8571428571	0.5
645	0.1426598193	0.5	0.8571428571	0.5
646	0.1424351657	0.5	0.8571428571	0.5
647	0.1421053684	0.5	0.8571428571	0.5
648	0.1417634184	0.5	0.8571428571	0.5
649	0.1414941133	0.5	0.8571428571	0.5
650	0.1411219955	0.5	0.8571428571	0.5
651	0.1407827818	0.5	0.8571428571	0.5
652	0.1405089253	0.5	0.8571428571	0.5
653	0.1402046681	0.5	0.8571428571	0.5
654	0.1399514955	0.5	0.8571428571	0.5
655	0.1397776168	0.5	0.8571428571	0.5
656	0.139408633	0.5	0.8571428571	0.5
657	0.1390141317	0.5	0.8571428571	0.5
658	0.1386210209	0.5	0.8571428571	0.5
659	0.1382771861	0.5	0.8571428571	0.5
660	0.1379183792	0.5	0.8571428571	0.5
661	0.1377343545	0.5	0.8571428571	0.5
662	0.1374701467	0.5	0.8571428571	0.5
663	0.137192251	0.5	0.8571428571	0.5
664	0.1367892696	0.5	0.8571428571	0.5
665	0.1365534133	0.5	0.8571428571	0.5
666	0.136270594	0.5	0.8571428571	0.5
667	0.1359913981	0.5	0.8571428571	0.5
668	0.1356258345	0.5	0.8571428571	0.5
669	0.1352436578	0.5	0.8571428571	0.5
670	0.1349364637	0.5	0.8571428571	0.5
671	0.1346225895	0.5	0.8571428571	0.5
672	0.1343468724	0.5	0.8571428571	0.5
673	0.1339676875	0.5	0.8571428571	0.5
674	0.1336077939	0.5	0.8571428571	0.5
675	0.1332602138	0.5	0.8571428571	0.5
676	0.1328698839	0.5	0.8571428571	0.5
677	0.1326529064	0.5	0.8571428571	0.5
678	0.1323779858	0.5	0.8571428571	0.5
679	0.1320675433	0.5	0.8571428571	0.5
680	0.1318175841	0.5	0.8571428571	0.5
681	0.1315809556	0.5	0.8571428571	0.5
682	0.1313433725	0.5	0.8571428571	0.5
683	0.1311703141	0.5	0.8571428571	0.5
684	0.1309178256	0.5	0.8571428571	0.5
685	0.1305503509	0.5	0.8571428571	0.5
686	0.1303284294	0.5	0.8571428571	0.5
687	0.1302068427	0.5	0.8571428571	0.5
688	0.1299343286	0.5	0.8571428571	0.5
689	0.129813302	0.5	0.8571428571	0.5
690	0.1294789325	0.5	0.8571428571	0.5
691	0.1292754191	0.5	0.8571428571	0.5
692	0.1289431746	0.5	0.8571428571	0.5
693	0.1287801265	0.5	0.8571428571	0.5
694	0.1284752874	0.5	0.8571428571	0.5
695	0.1282560968	0.5	0.8571428571	0.5
696	0.1279668722	0.5	0.8571428571	0.5
697	0.1276695745	0.5	0.8571428571	0.5
698	0.1274250805	0.5	0.8571428571	0.5
699	0.1272577075	0.5	0.8571428571	0.5
700	0.1269317336	0.5	0.8571428571	0.5
701	0.1267000217	0.5	0.8571428571	0.5
702	0.1264539099	0.5	0.8571428571	0.5
703	0.1261611444	0.5	0.8571428571	0.5
704	0.1259783147	0.5	0.8571428571	0.5
705	0.1257443186	0.5	0.8571428571	0.5
706	0.1254895878	0.5	0.8571428571	0.5
707	0.1251686148	0.5	0.8571428571	0.5
708	0.1248715052	0.5	0.8571428571	0.5
709	0.1246554167	0.5	0.8571428571	0.5
710	0.1243068409	0.5	0.8571428571	0.5
711	0.1239755601	0.5	0.8571428571	0.5
712	0.1237872319	0.5	0.8571428571	0.5
713	0.1234722589	0.5	0.8571428571	0.5
714	0.1232042449	0.5	0.8571428571	0.5
715	0.1230252754	0.5	0.8571428571	0.5
716	0.1228306055	0.5	0.8571428571	0.5
717	0.1225378464	0.5	0.8571428571	0.5
718	0.1223395831	0.5	0.8571428571	0.5
719	0.1219843279	0.5	0.8571428571	0.5
720	0.121711195	0.5	0.8571428571	0.5
721	0.1213923058	0.5	0.8571428571	0.5
722	0.1211482768	0.5	0.8571428571	0.5
723	0.1208201874	0.5	0.8571428571	0.5
724	0.1207068477	0.5	0.8571428571	0.5
725	0.1203904409	0.5	0.8571428571	0.5
726	0.1200788293	0.5	0.8571428571	0.5
727	0.1199573874	0.5	0.8571428571	0.5
728	0.1197685908	0.5	0.8571428571	0.5
729	0.119464697	0.5	0.8571428571	0.5
730	0.119155699	0.5	0.8571428571	0.5
731	0.1190159642	0.5	0.8571428571	0.5
732	0.1188489479	0.5	0.8571428571	0.5
733	0.1186586925	0.5	0.8571428571	0.5
734	0.1184236917	0.5	0.8571428571	0.5
735	0.1181039844	0.5	0.8571428571	0.5
736	0.1179947321	0.5	0.8571428571	0.5
737	0.1178858224	0.5	0.8571428571	0.5
738	0.1176977928	0.5	0.8571428571	0.5
739	0.1174958013	0.5	0.8571428571	0.5
740	0.1173088296	0.5	0.8571428571	0.5
741	0.1170689805	0.5	0.8571428571	0.5
742	0.1168534259	0.5	0.8571428571	0.5
743	0.1166233015	0.5	0.8571428571	0.5
744	0.1164602892	0.5	0.8571428571	0.5
745	0.116164324	0.5	0.8571428571	0.5
746	0.1159595706	0.5	0.8571428571	0.5
747	0.1156524447	0.5	0.8571428571	0.5
748	0.1155358319	0.5	0.8571428571	0.5
749	0.1153423563	0.5	0.8571428571	0.5
750	0.1150499146	0.5	0.8571428571	0.5
751	0.1149050057	0.5	0.8571428571	0.5
752	0.1146014587	0.5	0.8571428571	0.5
753	0.114495932	0.5	0.8571428571	0.5
754	0.1143109969	0.5	0.8571428571	0.5
755	0.1141707168	0.5	0.8571428571	0.5
756	0.1138818775	0.5	0.8571428571	0.5
757	0.1137674107	0.5	0.8571428571	0.5
758	0.1135430117	0.5	0.8571428571	0.5
759	0.1133426952	0.5	0.8571428571	0.5
760	0.1131348073	0.5	0.8571428571	0.5
761	0.1130304948	0.5	0.8571428571	0.5
762	0.1127584138	0.5	0.8571428571	0.5
763	0.1124738263	0.5	0.8571428571	0.5
764	0.1122422922	0.5	0.8571428571	0.5
765	0.1119721259	0.5	0.8571428571	0.5
766	0.1118694202	0.5	0.8571428571	0.5
767	0.1116466684	0.5	0.8571428571	0.5
768	0.1115439254	0.5	0.8571428571	0.5
769	0.1112629881	0.5	0.8571428571	0.5
770	0.1110072196	0.5	0.8571428571	0.5
771	0.1107150714	0.5	0.8571428571	0.5
772	0.1104372343	0.5	0.8571428571	0.5
773	0.1101608047	0.5	0.8571428571	0.5
774	0.1100589684	0.5	0.8571428571	0.5
775	0.1099236584	0.5	0.8571428571	0.5
776	0.10967136	0.5	0.8571428571	0.5
777	0.1094540943	0.5	0.8571428571	0.5
778	0.1092046477	0.5	0.8571428571	0.5
779	0.1090948289	0.5	0.8571428571	0.5
780	0.1088219119	0.5	0.8571428571	0.5
781	0.1086587132	0.5	0.8571428571	0.5
782	0.1083875817	0.5	0.8571428571	0.5
783	0.1081845768	0.5	0.8571428571	0.5
784	0.1079081862	0.5	0.8571428571	0.5
785	0.1076398432	0.5	0.8571428571	0.5
786	0.1073635061	0.5	0.8571428571	0.5
787	0.1071825061	0.5	0.8571428571	0.5
788	0.1070468533	0.5	0.8571428571	0.5
789	0.1068978144	0.5	0.8571428571	0.5
790	0.1067013507	0.5	0.8571428571	0.5
791	0.1066032047	0.5	0.8571428571	0.5
792	0.1065051539	0.5	0.8571428571	0.5
793	0.1063985913	0.5	0.8571428571	0.5
794	0.1063011491	0.5	0.8571428571	0.5
795	0.106204214	0.5	0.8571428571	0.5
796	0.1059340667	0.5	0.8571428571	0.5
797	0.1056652257	0.5	0.8571428571	0.5
798	0.105569043	0.5	0.8571428571	0.5
799	0.1053058687	0.5	0.8571428571	0.5
800	0.1051085677	0.5	0.8571428571	0.5
801	0.1050040236	0.5	0.8571428571	0.5
802	0.1049066707	0.5	0.8571428571	0.5
803	0.1046767863	0.5	0.8571428571	0.5
804	0.104447992	0.5	0.8571428571	0.5
805	0.1041883019	0.5	0.8571428571	0.5
806	0.104093769	0.5	0.8571428571	0.5
807	0.1039995322	0.5	0.8571428571	0.5
808	0.1037519125	0.5	0.8571428571	0.5
809	0.1036581949	0.5	0.8571428571	0.5
810	0.1033964606	0.5	0.8571428571	0.5
811	0.1032328425	0.5	0.8571428571	0.5
812	0.103041001	0.5	0.8571428571	0.5
813	0.1027759518	0.5	0.8571428571	0.5
814	0.1025206681	0.5	0.8571428571	0.5
815	0.1024280113	0.5	0.8571428571	0.5
816	0.1023357142	0.5	0.8571428571	0.5
817	0.1020783081	0.5	0.8571428571	0.5
818	0.1018251621	0.5	0.8571428571	0.5
819	0.1015552369	0.5	0.8571428571	0.5
820	0.101463687	0.5	0.8571428571	0.5
821	0.1012436614	0.5	0.8571428571	0.5
822	0.1010153819	0.5	0.8571428571	0.5
823	0.100924553	0.5	0.8571428571	0.5
824	0.100727953	0.5	0.8571428571	0.5
825	0.1005689467	0.5	0.8571428571	0.5
826	0.1004787693	0.5	0.8571428571	0.5
827	0.1002301105	0.5	0.8571428571	0.5
828	0.100035349	0.5	0.8571428571	0.5
829	0.09993708991	0.5	0.8571428571	0.5
830	0.09974335262	0.5	0.8571428571	0.5
831	0.09955346524	0.5	0.8571428571	0.5
832	0.09946435881	0.5	0.8571428571	0.5
833	0.09927249764	0.5	0.8571428571	0.5
834	0.09908152235	0.5	0.8571428571	0.5
835	0.09885933652	0.5	0.8571428571	0.5
836	0.09861343337	0.5	0.8571428571	0.5
837	0.09838295856	0.5	0.8571428571	0.5
838	0.09819477873	0.5	0.8571428571	0.5
839	0.09795176081	0.5	0.8571428571	0.5
840	0.09786418977	0.5	0.8571428571	0.5
841	0.09770989688	0.5	0.8571428571	0.5
842	0.09746865491	0.5	0.8571428571	0.5
843	0.09731514075	0.5	0.8571428571	0.5
844	0.09722356177	0.5	0.8571428571	0.5
845	0.09700761133	0.5	0.8571428571	0.5
846	0.09684008634	0.5	0.8571428571	0.5
847	0.09662563966	0.5	0.8571428571	0.5
848	0.09640966202	0.5	0.8571428571	0.5
849	0.09617292332	0.5	0.8571428571	0.5
850	0.0959360125	0.5	0.8571428571	0.5
851	0.09575425095	0.5	0.8571428571	0.5
852	0.09566877298	0.5	0.8571428571	0.5
853	0.09558355006	0.5	0.8571428571	0.5
854	0.09540289187	0.5	0.8571428571	0.5
855	0.0953180656	0.5	0.8571428571	0.5
856	0.09507213484	0.5	0.8571428571	0.5
857	0.09498776383	0.5	0.8571428571	0.5
858	0.09483265405	0.5	0.8571428571	0.5
859	0.09462480397	0.5	0.8571428571	0.5
860	0.09439485248	0.5	0.8571428571	0.5
861	0.09418458192	0.5	0.8571428571	0.5
862	0.09397528392	0.5	0.8571428571	0.5
863	0.09389211739	0.5	0.8571428571	0.5
864	0.09371854898	0.5	0.8571428571	0.5
865	0.09355809153	0.5	0.8571428571	0.5
866	0.09340659416	0.5	0.8571428571	0.5
867	0.09332416473	0.5	0.8571428571	0.5
868	0.09311732617	0.5	0.8571428571	0.5
869	0.09303535405	0.5	0.8571428571	0.5
870	0.09282967986	0.5	0.8571428571	0.5
871	0.09267113838	0.5	0.8571428571	0.5
872	0.09246664848	0.5	0.8571428571	0.5
873	0.09230906269	0.5	0.8571428571	0.5
874	0.09210791688	0.5	0.8571428571	0.5
875	0.09193696278	0.5	0.8571428571	0.5
876	0.09173450441	0.5	0.8571428571	0.5
877	0.0916539587	0.5	0.8571428571	0.5
878	0.09142845614	0.5	0.8571428571	0.5
879	0.09126176713	0.5	0.8571428571	0.5
880	0.09111943122	0.5	0.8571428571	0.5
881	0.09089574673	0.5	0.8571428571	0.5
882	0.09081589845	0.5	0.8571428571	0.5
883	0.09073628696	0.5	0.8571428571	0.5
884	0.09065694166	0.5	0.8571428571	0.5
885	0.09057784699	0.5	0.8571428571	0.5
886	0.09041325786	0.5	0.8571428571	0.5
887	0.09021506421	0.5	0.8571428571	0.5
888	0.09004908987	0.5	0.8571428571	0.5
889	0.08997044981	0.5	0.8571428571	0.5
890	0.0897738427	0.5	0.8571428571	0.5
891	0.0896959174	0.5	0.8571428571	0.5
892	0.08954442573	0.5	0.8571428571	0.5
893	0.08934937695	0.5	0.8571428571	0.5
894	0.08927205866	0.5	0.8571428571	0.5
895	0.0891087755	0.5	0.8571428571	0.5
896	0.0890318154	0.5	0.8571428571	0.5
897	0.08889048658	0.5	0.8571428571	0.5
898	0.0888139223	0.5	0.8571428571	0.5
899	0.08873760098	0.5	0.8571428571	0.5
900	0.08866126142	0.5	0.8571428571	0.5
901	0.08844897291	0.5	0.8571428571	0.5
902	0.08825707858	0.5	0.8571428571	0.5
903	0.08809654817	0.5	0.8571428571	0.5
904	0.08790599509	0.5	0.8571428571	0.5
905	0.08769629257	0.5	0.8571428571	0.5
906	0.08750707342	0.5	0.8571428571	0.5
907	0.08729885585	0.5	0.8571428571	0.5
908	0.08714123543	0.5	0.8571428571	0.5
909	0.08706672514	0.5	0.8571428571	0.5
910	0.08687945863	0.5	0.8571428571	0.5
911	0.08672312734	0.5	0.8571428571	0.5
912	0.0865371709	0.5	0.8571428571	0.5
913	0.08635208468	0.5	0.8571428571	0.5
914	0.08627848748	0.5	0.8571428571	0.5
915	0.08614341601	0.5	0.8571428571	0.5
916	0.08607019904	0.5	0.8571428571	0.5
917	0.08599713572	0.5	0.8571428571	0.5
918	0.08592438393	0.5	0.8571428571	0.5
919	0.08579966831	0.5	0.8571428571	0.5
920	0.08561688972	0.5	0.8571428571	0.5
921	0.08554448198	0.5	0.8571428571	0.5
922	0.08547230586	0.5	0.8571428571	0.5
923	0.08529077083	0.5	0.8571428571	0.5
924	0.08508902973	0.5	0.8571428571	0.5
925	0.08490877536	0.5	0.8571428571	0.5
926	0.08472936718	0.5	0.8571428571	0.5
927	0.08459779947	0.5	0.8571428571	0.5
928	0.08442978591	0.5	0.8571428571	0.5
929	0.08423082126	0.5	0.8571428571	0.5
930	0.08410935372	0.5	0.8571428571	0.5
931	0.08391169912	0.5	0.8571428571	0.5
932	0.08379119427	0.5	0.8571428571	0.5
933	0.08361484231	0.5	0.8571428571	0.5
934	0.08349814194	0.5	0.8571428571	0.5
935	0.08335032014	0.5	0.8571428571	0.5
936	0.08323116837	0.5	0.8571428571	0.5
937	0.08305671154	0.5	0.8571428571	0.5
938	0.08289228903	0.5	0.8571428571	0.5
939	0.08271900722	0.5	0.8571428571	0.5
940	0.08264958729	0.5	0.8571428571	0.5
941	0.08253504612	0.5	0.8571428571	0.5
942	0.08237185659	0.5	0.8571428571	0.5
943	0.08217938083	0.5	0.8571428571	0.5
944	0.08211049503	0.5	0.8571428571	0.5
945	0.08191915196	0.5	0.8571428571	0.5
946	0.08185064964	0.5	0.8571428571	0.5
947	0.08168894361	0.5	0.8571428571	0.5
948	0.08154955166	0.5	0.8571428571	0.5
949	0.08138867252	0.5	0.8571428571	0.5
950	0.08127311059	0.5	0.8571428571	0.5
951	0.08110388848	0.5	0.8571428571	0.5
952	0.08103610112	0.5	0.8571428571	0.5
953	0.0809685301	0.5	0.8571428571	0.5
954	0.08088123446	0.5	0.8571428571	0.5
955	0.08072181244	0.5	0.8571428571	0.5
956	0.08061134016	0.5	0.8571428571	0.5
957	0.08054414265	0.5	0.8571428571	0.5
958	0.08043419508	0.5	0.8571428571	0.5
959	0.08036731052	0.5	0.8571428571	0.5
960	0.08025382635	0.5	0.8571428571	0.5
961	0.08017236312	0.5	0.8571428571	0.5
962	0.08008665151	0.5	0.8571428571	0.5
963	0.07992899946	0.5	0.8571428571	0.5
964	0.07984791706	0.5	0.8571428571	0.5
965	0.07973958235	0.5	0.8571428571	0.5
966	0.07967352331	0.5	0.8571428571	0.5
967	0.07951680533	0.5	0.8571428571	0.5
968	0.07936059941	0.5	0.8571428571	0.5
969	0.07920490402	0.5	0.8571428571	0.5
970	0.0791389312	0.5	0.8571428571	0.5
971	0.0790734203	0.5	0.8571428571	0.5
972	0.07891831227	0.5	0.8571428571	0.5
973	0.07885305253	0.5	0.8571428571	0.5
974	0.07878800152	0.5	0.8571428571	0.5
975	0.07872315869	0.5	0.8571428571	0.5
976	0.07865852351	0.5	0.8571428571	0.5
977	0.07850408727	0.5	0.8571428571	0.5
978	0.07833745613	0.5	0.8571428571	0.5
979	0.07822768901	0.5	0.8571428571	0.5
980	0.07816346428	0.5	0.8571428571	0.5
981	0.07808482175	0.5	0.8571428571	0.5
982	0.07793155379	0.5	0.8571428571	0.5
983	0.07777878683	0.5	0.8571428571	0.5
984	0.07765940278	0.5	0.8571428571	0.5
985	0.07759572105	0.5	0.8571428571	0.5
986	0.07753224346	0.5	0.8571428571	0.5
987	0.07746896946	0.5	0.8571428571	0.5
988	0.07731709331	0.5	0.8571428571	0.5
989	0.07723967858	0.5	0.8571428571	0.5
990	0.07708838623	0.5	0.8571428571	0.5
991	0.07693758878	0.5	0.8571428571	0.5
992	0.07678728474	0.5	0.8571428571	0.5
993	0.07668442955	0.5	0.8571428571	0.5
994	0.07658197219	0.5	0.8571428571	0.5
995	0.07650123473	0.5	0.8571428571	0.5
996	0.07642088362	0.5	0.8571428571	0.5
997	0.07635834694	0.5	0.8571428571	0.5
998	0.07629594047	0.5	0.8571428571	0.5
999	0.07623373438	0.5	0.8571428571	0.5
1000	0.07613258414	0.5	0.8571428571	0.5
1001	0.07598413621	0.5	0.8571428571	0.5
1002	0.07583617419	0.5	0.8571428571	0.5
1003	0.07572072594	0.5	0.8571428571	0.5
1004	0.07565903125	0.5	0.8571428571	0.5
1005	0.07559753455	0.5	0.8571428571	0.5
1006	0.07548268432	0.5	0.8571428571	0.5
1007	0.075335809	0.5	0.8571428571	0.5
1008	0.07526047207	0.5	0.8571428571	0.5
1009	0.07510004781	0.5	0.8571428571	0.5
1010	0.07495400704	0.5	0.8571428571	0.5
1011	0.07489309616	0.5	0.8571428571	0.5
1012	0.0747566362	0.5	0.8571428571	0.5
1013	0.07462063373	0.5	0.8571428571	0.5
1014	0.07443713922	0.5	0.8571428571	0.5
1015	0.07437621032	0.5	0.8571428571	0.5
1016	0.07431583863	0.5	0.8571428571	0.5
1017	0.07418083757	0.5	0.8571428571	0.5
1018	0.07404635443	0.5	0.8571428571	0.5
1019	0.07397240137	0.5	0.8571428571	0.5
1020	0.07391249815	0.5	0.8571428571	0.5
1021	0.07385273267	0.5	0.8571428571	0.5
1022	0.07371893587	0.5	0.8571428571	0.5
1023	0.07365947119	0.5	0.8571428571	0.5
1024	0.07352620968	0.5	0.8571428571	0.5
1025	0.07339339468	0.5	0.8571428571	0.5
1026	0.07326105538	0.5	0.8571428571	0.5
1027	0.07314998155	0.5	0.8571428571	0.5
1028	0.07301831814	0.5	0.8571428571	0.5
1029	0.07295928398	0.5	0.8571428571	0.5
1030	0.07284890936	0.5	0.8571428571	0.5
1031	0.07279018572	0.5	0.8571428571	0.5
1032	0.07265930156	0.5	0.8571428571	0.5
1033	0.07260081889	0.5	0.8571428571	0.5
1034	0.07247045512	0.5	0.8571428571	0.5
1035	0.07239867282	0.5	0.8571428571	0.5
1036	0.07226886785	0.5	0.8571428571	0.5
1037	0.0722108343	0.5	0.8571428571	0.5
1038	0.07215294693	0.5	0.8571428571	0.5
1039	0.07202370988	0.5	0.8571428571	0.5
1040	0.07189295318	0.5	0.8571428571	0.5
1041	0.07176442606	0.5	0.8571428571	0.5
1042	0.07170694517	0.5	0.8571428571	0.5
1043	0.07163624576	0.5	0.8571428571	0.5
1044	0.07150831986	0.5	0.8571428571	0.5
1045	0.07137868103	0.5	0.8571428571	0.5
1046	0.07125145727	0.5	0.8571428571	0.5
1047	0.0711246886	0.5	0.8571428571	0.5
1048	0.07099599778	0.5	0.8571428571	0.5
1049	0.0708699241	0.5	0.8571428571	0.5
1050	0.07081321847	0.5	0.8571428571	0.5
1051	0.07063909864	0.5	0.8571428571	0.5
1052	0.07051392387	0.5	0.8571428571	0.5
1053	0.07045748392	0.5	0.8571428571	0.5
1054	0.07033030882	0.5	0.8571428571	0.5
1055	0.07020584821	0.5	0.8571428571	0.5
1056	0.07014975116	0.5	0.8571428571	0.5
1057	0.07002578309	0.5	0.8571428571	0.5
1058	0.06990227915	0.5	0.8571428571	0.5
1059	0.06977919518	0.5	0.8571428571	0.5
1060	0.06972342002	0.5	0.8571428571	0.5
1061	0.06966783374	0.5	0.8571428571	0.5
1062	0.06954528113	0.5	0.8571428571	0.5
1063	0.06945196919	0.5	0.8571428571	0.5
1064	0.06932997121	0.5	0.8571428571	0.5
1065	0.06920518892	0.5	0.8571428571	0.5
1066	0.0691125073	0.5	0.8571428571	0.5
1067	0.06900914166	0.5	0.8571428571	0.5
1068	0.06891691903	0.5	0.8571428571	0.5
1069	0.06879333496	0.5	0.8571428571	0.5
1070	0.0686726788	0.5	0.8571428571	0.5
1071	0.06854976423	0.5	0.8571428571	0.5
1072	0.06842728736	0.5	0.8571428571	0.5
1073	0.06830524673	0.5	0.8571428571	0.5
1074	0.06821422358	0.5	0.8571428571	0.5
1075	0.06809477824	0.5	0.8571428571	0.5
1076	0.06800417928	0.5	0.8571428571	0.5
1077	0.06788318251	0.5	0.8571428571	0.5
1078	0.06776450002	0.5	0.8571428571	0.5
1079	0.06765104309	0.5	0.8571428571	0.5
1080	0.06756119809	0.5	0.8571428571	0.5
1081	0.06744127774	0.5	0.8571428571	0.5
1082	0.0673235473	0.5	0.8571428571	0.5
1083	0.06723431021	0.5	0.8571428571	0.5
1084	0.06718108052	0.5	0.8571428571	0.5
1085	0.06706342874	0.5	0.8571428571	0.5
1086	0.0669464699	0.5	0.8571428571	0.5
1087	0.06687978854	0.5	0.8571428571	0.5
1088	0.06676332624	0.5	0.8571428571	0.5
1089	0.06664727802	0.5	0.8571428571	0.5
1090	0.06653164236	0.5	0.8571428571	0.5
1091	0.06644355084	0.5	0.8571428571	0.5
1092	0.06633248421	0.5	0.8571428571	0.5
1093	0.06621501996	0.5	0.8571428571	0.5
1094	0.06612755447	0.5	0.8571428571	0.5
1095	0.06601296078	0.5	0.8571428571	0.5
1096	0.06590296815	0.5	0.8571428571	0.5
1097	0.06581116429	0.5	0.8571428571	0.5
1098	0.06571962418	0.5	0.8571428571	0.5
1099	0.06563300637	0.5	0.8571428571	0.5
1100	0.06551832539	0.5	0.8571428571	0.5
1101	0.06540506809	0.5	0.8571428571	0.5
1102	0.06531899517	0.5	0.8571428571	0.5
1103	0.06523321721	0.5	0.8571428571	0.5
1104	0.06514773327	0.5	0.8571428571	0.5
1105	0.06506254242	0.5	0.8571428571	0.5
1106	0.06495428076	0.5	0.8571428571	0.5
1107	0.06484652675	0.5	0.8571428571	0.5
1108	0.06476189885	0.5	0.8571428571	0.5
1109	0.06464993411	0.5	0.8571428571	0.5
1110	0.06453712753	0.5	0.8571428571	0.5
1111	0.06445303225	0.5	0.8571428571	0.5
1112	0.06436922601	0.5	0.8571428571	0.5
1113	0.0642857079	0.5	0.8571428571	0.5
1114	0.064202477	0.5	0.8571428571	0.5
1115	0.06409626989	0.5	0.8571428571	0.5
1116	0.06398548099	0.5	0.8571428571	0.5
1117	0.06387669006	0.5	0.8571428571	0.5
1118	0.06376645938	0.5	0.8571428571	0.5
1119	0.06368397182	0.5	0.8571428571	0.5
1120	0.06357891721	0.5	0.8571428571	0.5
1121	0.06349684552	0.5	0.8571428571	0.5
1122	0.06341505674	0.5	0.8571428571	0.5
1123	0.06330569352	0.5	0.8571428571	0.5
1124	0.06319671692	0.5	0.8571428571	0.5
1125	0.06311540712	0.5	0.8571428571	0.5
1126	0.06300691365	0.5	0.8571428571	0.5
1127	0.06290327754	0.5	0.8571428571	0.5
1128	0.06282247636	0.5	0.8571428571	0.5
1129	0.06271945781	0.5	0.8571428571	0.5
1130	0.06261692376	0.5	0.8571428571	0.5
1131	0.06251487187	0.5	0.8571428571	0.5
1132	0.06243473867	0.5	0.8571428571	0.5
1133	0.06232848907	0.5	0.8571428571	0.5
1134	0.06224875101	0.5	0.8571428571	0.5
1135	0.0621417886	0.5	0.8571428571	0.5
1136	0.06206242242	0.5	0.8571428571	0.5
1137	0.06195593208	0.5	0.8571428571	0.5
1138	0.06185524136	0.5	0.8571428571	0.5
1139	0.0617763728	0.5	0.8571428571	0.5
1140	0.06167628333	0.5	0.8571428571	0.5
1141	0.06159781521	0.5	0.8571428571	0.5
1142	0.06151961936	0.5	0.8571428571	0.5
1143	0.06144169489	0.5	0.8571428571	0.5
1144	0.0613362941	0.5	0.8571428571	0.5
1145	0.06125873334	0.5	0.8571428571	0.5
1146	0.06115978817	0.5	0.8571428571	0.5
1147	0.06105565065	0.5	0.8571428571	0.5
1148	0.06095103858	0.5	0.8571428571	0.5
1149	0.06085287534	0.5	0.8571428571	0.5
1150	0.06074879539	0.5	0.8571428571	0.5
1151	0.06067205191	0.5	0.8571428571	0.5
1152	0.06059557538	0.5	0.8571428571	0.5
1153	0.06049828795	0.5	0.8571428571	0.5
1154	0.06040145956	0.5	0.8571428571	0.5
1155	0.06030508801	0.5	0.8571428571	0.5
1156	0.06020204613	0.5	0.8571428571	0.5
1157	0.06009955747	0.5	0.8571428571	0.5
1158	0.06003831846	0.5	0.8571428571	0.5
1159	0.05993586307	0.5	0.8571428571	0.5
1160	0.05983028645	0.5	0.8571428571	0.5
1161	0.05975494736	0.5	0.8571428571	0.5
1162	0.05965305189	0.5	0.8571428571	0.5
1163	0.05955151272	0.5	0.8571428571	0.5
1164	0.05945671087	0.5	0.8571428571	0.5
1165	0.05936235572	0.5	0.8571428571	0.5
1166	0.05928072048	0.5	0.8571428571	0.5
1167	0.05917990951	0.5	0.8571428571	0.5
1168	0.05907944666	0.5	0.8571428571	0.5
1169	0.05898587968	0.5	0.8571428571	0.5
1170	0.05889275362	0.5	0.8571428571	0.5
1171	0.05880006636	0.5	0.8571428571	0.5
1172	0.05870016243	0.5	0.8571428571	0.5
1173	0.05860062352	0.5	0.8571428571	0.5
1174	0.05850866559	0.5	0.8571428571	0.5
1175	0.05841714069	0.5	0.8571428571	0.5
1176	0.05832604673	0.5	0.8571428571	0.5
1177	0.0582353816	0.5	0.8571428571	0.5
1178	0.05813657757	0.5	0.8571428571	0.5
1179	0.05803809111	0.5	0.8571428571	0.5
1180	0.05794813855	0.5	0.8571428571	0.5
1181	0.05785013039	0.5	0.8571428571	0.5
1182	0.05779022788	0.5	0.8571428571	0.5
1183	0.05769228726	0.5	0.8571428571	0.5
1184	0.05763269907	0.5	0.8571428571	0.5
1185	0.05750607439	0.5	0.8571428571	0.5
1186	0.05742703229	0.5	0.8571428571	0.5
1187	0.0573482132	0.5	0.8571428571	0.5
1188	0.05728917977	0.5	0.8571428571	0.5
1189	0.05721066573	0.5	0.8571428571	0.5
1190	0.05713237342	0.5	0.8571428571	0.5
1191	0.05707374256	0.5	0.8571428571	0.5
1192	0.05699575327	0.5	0.8571428571	0.5
1193	0.05693744052	0.5	0.8571428571	0.5
1194	0.05684123505	0.5	0.8571428571	0.5
1195	0.05678322678	0.5	0.8571428571	0.5
1196	0.05668742644	0.5	0.8571428571	0.5
1197	0.05662972075	0.5	0.8571428571	0.5
1198	0.05653432363	0.5	0.8571428571	0.5
1199	0.05647691861	0.5	0.8571428571	0.5
1200	0.0563819228	0.5	0.8571428571	0.5
1201	0.05630522877	0.5	0.8571428571	0.5
1202	0.05622875165	0.5	0.8571428571	0.5
1203	0.05617180343	0.5	0.8571428571	0.5
1204	0.05607757965	0.5	0.8571428571	0.5
1205	0.05600158317	0.5	0.8571428571	0.5
1206	0.05592580181	0.5	0.8571428571	0.5
1207	0.05586930549	0.5	0.8571428571	0.5
1208	0.05574752216	0.5	0.8571428571	0.5
1209	0.0556261844	0.5	0.8571428571	0.5
1210	0.05555099248	0.5	0.8571428571	0.5
1211	0.0554949915	0.5	0.8571428571	0.5
1212	0.05542008928	0.5	0.8571428571	0.5
1213	0.05532750135	0.5	0.8571428571	0.5
1214	0.05525299411	0.5	0.8571428571	0.5
1215	0.05515979497	0.5	0.8571428571	0.5
1216	0.05506691826	0.5	0.8571428571	0.5
1217	0.05501147069	0.5	0.8571428571	0.5
1218	0.05495624634	0.5	0.8571428571	0.5
1219	0.05483664131	0.5	0.8571428571	0.5
1220	0.0547174747	0.5	0.8571428571	0.5
1221	0.05459874498	0.5	0.8571428571	0.5
1222	0.05448045062	0.5	0.8571428571	0.5
1223	0.0543628053	0.5	0.8571428571	0.5
1224	0.05424537581	0.5	0.8571428571	0.5
1225	0.05412859076	0.5	0.8571428571	0.5
1226	0.05405581229	0.5	0.8571428571	0.5
1227	0.0539832402	0.5	0.8571428571	0.5
1228	0.05389841591	0.5	0.8571428571	0.5
1229	0.0538076608	0.5	0.8571428571	0.5
1230	0.05371721917	0.5	0.8571428571	0.5
1231	0.05363304578	0.5	0.8571428571	0.5
1232	0.05354304293	0.5	0.8571428571	0.5
1233	0.05345335117	0.5	0.8571428571	0.5
1234	0.05336982316	0.5	0.8571428571	0.5
1235	0.05328668635	0.5	0.8571428571	0.5
1236	0.05320393887	0.5	0.8571428571	0.5
1237	0.05308964682	0.5	0.8571428571	0.5
1238	0.05301835472	0.5	0.8571428571	0.5
1239	0.05294489968	0.5	0.8571428571	0.5
1240	0.05287385923	0.5	0.8571428571	0.5
1241	0.05278541895	0.5	0.8571428571	0.5
1242	0.05270372932	0.5	0.8571428571	0.5
1243	0.05262242244	0.5	0.8571428571	0.5
1244	0.05253453283	0.5	0.8571428571	0.5
1245	0.05241989536	0.5	0.8571428571	0.5
1246	0.05234965193	0.5	0.8571428571	0.5
1247	0.0522963708	0.5	0.8571428571	0.5
1248	0.05220927015	0.5	0.8571428571	0.5
1249	0.05213946909	0.5	0.8571428571	0.5
1250	0.05208653467	0.5	0.8571428571	0.5
1251	0.05197313856	0.5	0.8571428571	0.5
1252	0.05186025044	0.5	0.8571428571	0.5
1253	0.05174786823	0.5	0.8571428571	0.5
1254	0.05163660029	0.5	0.8571428571	0.5
1255	0.05152574118	0.5	0.8571428571	0.5
1256	0.05143998719	0.5	0.8571428571	0.5
1257	0.05138788992	0.5	0.8571428571	0.5
1258	0.05127772277	0.5	0.8571428571	0.5
1259	0.05116776098	0.5	0.8571428571	0.5
1260	0.0510582042	0.5	0.8571428571	0.5
1261	0.05094905104	0.5	0.8571428571	0.5
1262	0.05088103962	0.5	0.8571428571	0.5
1263	0.05079660223	0.5	0.8571428571	0.5
1264	0.05068817835	0.5	0.8571428571	0.5
1265	0.0506206583	0.5	0.8571428571	0.5
1266	0.05053178867	0.5	0.8571428571	0.5
1267	0.05044817235	0.5	0.8571428571	0.5
1268	0.0503597874	0.5	0.8571428571	0.5
1269	0.0502757321	0.5	0.8571428571	0.5
1270	0.05019196803	0.5	0.8571428571	0.5
1271	0.05010417593	0.5	0.8571428571	0.5
1272	0.05003500874	0.5	0.8571428571	0.5
1273	0.04995172487	0.5	0.8571428571	0.5
1274	0.04988537736	0.5	0.8571428571	0.5
1275	0.04981659972	0.5	0.8571428571	0.5
1276	0.04973381822	0.5	0.8571428571	0.5
1277	0.04965132391	0.5	0.8571428571	0.5
1278	0.04960063963	0.5	0.8571428571	0.5
1279	0.04949320161	0.5	0.8571428571	0.5
1280	0.04938760582	0.5	0.8571428571	0.5
1281	0.04932215302	0.5	0.8571428571	0.5
1282	0.04927194433	0.5	0.8571428571	0.5
1283	0.04919047381	0.5	0.8571428571	0.5
1284	0.04914052332	0.5	0.8571428571	0.5
1285	0.04907554853	0.5	0.8571428571	0.5
1286	0.04897112382	0.5	0.8571428571	0.5
1287	0.04889034776	0.5	0.8571428571	0.5
1288	0.04882286231	0.5	0.8571428571	0.5
1289	0.04871897138	0.5	0.8571428571	0.5
1290	0.04861546442	0.5	0.8571428571	0.5
1291	0.04851250768	0.5	0.8571428571	0.5
1292	0.04843264839	0.5	0.8571428571	0.5
1293	0.04836590898	0.5	0.8571428571	0.5
1294	0.04829944914	0.5	0.8571428571	0.5
1295	0.04823326783	0.5	0.8571428571	0.5
1296	0.04816946476	0.5	0.8571428571	0.5
1297	0.04810360295	0.5	0.8571428571	0.5
1298	0.04800168697	0.5	0.8571428571	0.5
1299	0.04793622987	0.5	0.8571428571	0.5
1300	0.04787281364	0.5	0.8571428571	0.5
1301	0.04780767242	0.5	0.8571428571	0.5
1302	0.04772805804	0.5	0.8571428571	0.5
1303	0.04766324193	0.5	0.8571428571	0.5
1304	0.04759475382	0.5	0.8571428571	0.5
1305	0.04753024754	0.5	0.8571428571	0.5
1306	0.04742975255	0.5	0.8571428571	0.5
1307	0.04736162969	0.5	0.8571428571	0.5
1308	0.04725258087	0.5	0.8571428571	0.5
1309	0.0471740067	0.5	0.8571428571	0.5
1310	0.0471064001	0.5	0.8571428571	0.5
1311	0.04705828537	0.5	0.8571428571	0.5
1312	0.0469588106	0.5	0.8571428571	0.5
1313	0.04685084762	0.5	0.8571428571	0.5
1314	0.04675192853	0.5	0.8571428571	0.5
1315	0.04669028804	0.5	0.8571428571	0.5
1316	0.04658311549	0.5	0.8571428571	0.5
1317	0.04652179266	0.5	0.8571428571	0.5
1318	0.04642351157	0.5	0.8571428571	0.5
1319	0.04636248019	0.5	0.8571428571	0.5
1320	0.04628563563	0.5	0.8571428571	0.5
1321	0.04623837276	0.5	0.8571428571	0.5
1322	0.04617235943	0.5	0.8571428571	0.5
1323	0.04607504083	0.5	0.8571428571	0.5
1324	0.04601248791	0.5	0.8571428571	0.5
1325	0.04591564933	0.5	0.8571428571	0.5
1326	0.04583701973	0.5	0.8571428571	0.5
1327	0.04573196926	0.5	0.8571428571	0.5
1328	0.04562736512	0.5	0.8571428571	0.5
1329	0.04555230057	0.5	0.8571428571	0.5
1330	0.04550584316	0.5	0.8571428571	0.5
1331	0.0454099191	0.5	0.8571428571	0.5
1332	0.04531449688	0.5	0.8571428571	0.5
1333	0.04521928163	0.5	0.8571428571	0.5
1334	0.04514184503	0.5	0.8571428571	0.5
1335	0.04507750072	0.5	0.8571428571	0.5
1336	0.04498298226	0.5	0.8571428571	0.5
1337	0.04491894706	0.5	0.8571428571	0.5
1338	0.04481618063	0.5	0.8571428571	0.5
1339	0.04472215479	0.5	0.8571428571	0.5
1340	0.04464572991	0.5	0.8571428571	0.5
1341	0.04460027009	0.5	0.8571428571	0.5
1342	0.04452423009	0.5	0.8571428571	0.5
1343	0.04442254677	0.5	0.8571428571	0.5
1344	0.04432929119	0.5	0.8571428571	0.5
1345	0.0442538087	0.5	0.8571428571	0.5
1346	0.04418125255	0.5	0.8571428571	0.5
1347	0.04408874222	0.5	0.8571428571	0.5
1348	0.04401376065	0.5	0.8571428571	0.5
1349	0.04391334585	0.5	0.8571428571	0.5
1350	0.04384146872	0.5	0.8571428571	0.5
1351	0.04379692514	0.5	0.8571428571	0.5
1352	0.04370525709	0.5	0.8571428571	0.5
1353	0.04361378693	0.5	0.8571428571	0.5
1354	0.0435396738	0.5	0.8571428571	0.5
1355	0.04346857491	0.5	0.8571428571	0.5
1356	0.04342450397	0.5	0.8571428571	0.5
1357	0.04333383848	0.5	0.8571428571	0.5
1358	0.04324336978	0.5	0.8571428571	0.5
1359	0.04315337642	0.5	0.8571428571	0.5
1360	0.04308002201	0.5	0.8571428571	0.5
1361	0.04300693971	0.5	0.8571428571	0.5
1362	0.0429634552	0.5	0.8571428571	0.5
1363	0.04287389636	0.5	0.8571428571	0.5
1364	0.0428012665	0.5	0.8571428571	0.5
1365	0.04274590553	0.5	0.8571428571	0.5
1366	0.04265700437	0.5	0.8571428571	0.5
1367	0.04258488186	0.5	0.8571428571	0.5
1368	0.04254195952	0.5	0.8571428571	0.5
1369	0.04245354143	0.5	0.8571428571	0.5
1370	0.04238186528	0.5	0.8571428571	0.5
1371	0.04231295567	0.5	0.8571428571	0.5
1372	0.04227041887	0.5	0.8571428571	0.5
1373	0.04218251103	0.5	0.8571428571	0.5
1374	0.04209493097	0.5	0.8571428571	0.5
1375	0.0420239101	0.5	0.8571428571	0.5
1376	0.04195574996	0.5	0.8571428571	0.5
1377	0.04186874031	0.5	0.8571428571	0.5
1378	0.04179621246	0.5	0.8571428571	0.5
1379	0.04172394958	0.5	0.8571428571	0.5
1380	0.04165362583	0.5	0.8571428571	0.5
1381	0.04161175873	0.5	0.8571428571	0.5
1382	0.04154179068	0.5	0.8571428571	0.5
1383	0.04148356337	0.5	0.8571428571	0.5
1384	0.04139769656	0.5	0.8571428571	0.5
1385	0.04132823126	0.5	0.8571428571	0.5
1386	0.0412614694	0.5	0.8571428571	0.5
1387	0.04122013391	0.5	0.8571428571	0.5
1388	0.04113477128	0.5	0.8571428571	0.5
1389	0.04106586289	0.5	0.8571428571	0.5
1390	0.04101332956	0.5	0.8571428571	0.5
1391	0.04094400415	0.5	0.8571428571	0.5
1392	0.04087500602	0.5	0.8571428571	0.5
1393	0.040834257	0.5	0.8571428571	0.5
1394	0.04076568927	0.5	0.8571428571	0.5
1395	0.04069744479	0.5	0.8571428571	0.5
1396	0.04065706421	0.5	0.8571428571	0.5
1397	0.0406168426	0.5	0.8571428571	0.5
1398	0.04053273792	0.5	0.8571428571	0.5
1399	0.04044882572	0.5	0.8571428571	0.5
1400	0.04036534883	0.5	0.8571428571	0.5
1401	0.04028218411	0.5	0.8571428571	0.5
1402	0.04019933046	0.5	0.8571428571	0.5
1403	0.0401167868	0.5	0.8571428571	0.5
1404	0.04006084904	0.5	0.8571428571	0.5
1405	0.03997859245	0.5	0.8571428571	0.5
1406	0.03990945342	0.5	0.8571428571	0.5
1407	0.03985387314	0.5	0.8571428571	0.5
1408	0.03978507167	0.5	0.8571428571	0.5
1409	0.03971652155	0.5	0.8571428571	0.5
1410	0.03966128323	0.5	0.8571428571	0.5
1411	0.03960621637	0.5	0.8571428571	0.5
1412	0.03953808508	0.5	0.8571428571	0.5
1413	0.03947323071	0.5	0.8571428571	0.5
1414	0.03940545505	0.5	0.8571428571	0.5
1415	0.03933792739	0.5	0.8571428571	0.5
1416	0.03927351169	0.5	0.8571428571	0.5
1417	0.03922356551	0.5	0.8571428571	0.5
1418	0.03915796911	0.5	0.8571428571	0.5
1419	0.03909268097	0.5	0.8571428571	0.5
1420	0.03902769946	0.5	0.8571428571	0.5
1421	0.03896428885	0.5	0.8571428571	0.5
1422	0.03889974413	0.5	0.8571428571	0.5
1423	0.03883670415	0.5	0.8571428571	0.5
1424	0.03877390216	0.5	0.8571428571	0.5
1425	0.03872037483	0.5	0.8571428571	0.5
1426	0.03865647539	0.5	0.8571428571	0.5
1427	0.03859412993	0.5	0.8571428571	0.5
1428	0.03853214326	0.5	0.8571428571	0.5
1429	0.03846876026	0.5	0.8571428571	0.5
1430	0.03840685062	0.5	0.8571428571	0.5
1431	0.03832804444	0.5	0.8571428571	0.5
1432	0.03827527043	0.5	0.8571428571	0.5
1433	0.0382124925	0.5	0.8571428571	0.5
1434	0.03815115306	0.5	0.8571428571	0.5
1435	0.03808998165	0.5	0.8571428571	0.5
1436	0.0380289443	0.5	0.8571428571	0.5
1437	0.03795104171	0.5	0.8571428571	0.5
1438	0.03789033028	0.5	0.8571428571	0.5
1439	0.03782837025	0.5	0.8571428571	0.5
1440	0.03776787788	0.5	0.8571428571	0.5
1441	0.03769073866	0.5	0.8571428571	0.5
1442	0.03761388978	0.5	0.8571428571	0.5
1443	0.0375538253	0.5	0.8571428571	0.5
1444	0.03749386571	0.5	0.8571428571	0.5
1445	0.03743408805	0.5	0.8571428571	0.5
1446	0.03737303254	0.5	0.8571428571	0.5
1447	0.0373134917	0.5	0.8571428571	0.5
1448	0.03723755272	0.5	0.8571428571	0.5
1449	0.03716179455	0.5	0.8571428571	0.5
1450	0.03710267471	0.5	0.8571428571	0.5
1451	0.0370423048	0.5	0.8571428571	0.5
1452	0.03698341018	0.5	0.8571428571	0.5
1453	0.03692344523	0.5	0.8571428571	0.5
1454	0.03686489456	0.5	0.8571428571	0.5
1455	0.0367899858	0.5	0.8571428571	0.5
1456	0.03673968187	0.5	0.8571428571	0.5
1457	0.03668154877	0.5	0.8571428571	0.5
1458	0.03660715125	0.5	0.8571428571	0.5
1459	0.03654901841	0.5	0.8571428571	0.5
1460	0.03648992144	0.5	0.8571428571	0.5
1461	0.03643230634	0.5	0.8571428571	0.5
1462	0.03635864066	0.5	0.8571428571	0.5
1463	0.03630100773	0.5	0.8571428571	0.5
1464	0.03623869127	0.5	0.8571428571	0.5
1465	0.03617660331	0.5	0.8571428571	0.5
1466	0.03611474307	0.5	0.8571428571	0.5
1467	0.03606553237	0.5	0.8571428571	0.5
1468	0.0360039757	0.5	0.8571428571	0.5
1469	0.03594264495	0.5	0.8571428571	0.5
1470	0.03588153937	0.5	0.8571428571	0.5
1471	0.03583271141	0.5	0.8571428571	0.5
1472	0.03577190596	0.5	0.8571428571	0.5
1473	0.0357113239	0.5	0.8571428571	0.5
1474	0.03565096446	0.5	0.8571428571	0.5
1475	0.03559323573	0.5	0.8571428571	0.5
1476	0.0355370245	0.5	0.8571428571	0.5
1477	0.0354887281	0.5	0.8571428571	0.5
1478	0.03543145875	0.5	0.8571428571	0.5
1479	0.03537565508	0.5	0.8571428571	0.5
1480	0.03532766144	0.5	0.8571428571	0.5
1481	0.03527084766	0.5	0.8571428571	0.5
1482	0.03521544855	0.5	0.8571428571	0.5
1483	0.03516775561	0.5	0.8571428571	0.5
1484	0.03511139359	0.5	0.8571428571	0.5
1485	0.03505639608	0.5	0.8571428571	0.5
1486	0.0350090018	0.5	0.8571428571	0.5
1487	0.03495308779	0.5	0.8571428571	0.5
1488	0.03489848895	0.5	0.8571428571	0.5
1489	0.03484905811	0.5	0.8571428571	0.5
1490	0.03479355947	0.5	0.8571428571	0.5
1491	0.03473934523	0.5	0.8571428571	0.5
1492	0.03468421789	0.5	0.8571428571	0.5
1493	0.03464021023	0.5	0.8571428571	0.5
1494	0.03459637309	0.5	0.8571428571	0.5
1495	0.03455270584	0.5	0.8571428571	0.5
1496	0.03450920787	0.5	0.8571428571	0.5
1497	0.03445556777	0.5	0.8571428571	0.5
1498	0.03438956229	0.5	0.8571428571	0.5
1499	0.03432376605	0.5	0.8571428571	0.5
1500	0.03428061169	0.5	0.8571428571	0.5
1501	0.03423762481	0.5	0.8571428571	0.5
1502	0.03419480481	0.5	0.8571428571	0.5
1503	0.03414081443	0.5	0.8571428571	0.5
1504	0.03409824609	0.5	0.8571428571	0.5
1505	0.03405584309	0.5	0.8571428571	0.5
1506	0.03401360483	0.5	0.8571428571	0.5
1507	0.0339715307	0.5	0.8571428571	0.5
1508	0.03392962008	0.5	0.8571428571	0.5
1509	0.0338878724	0.5	0.8571428571	0.5
1510	0.03384628703	0.5	0.8571428571	0.5
1511	0.0338048634	0.5	0.8571428571	0.5
1512	0.03375244293	0.5	0.8571428571	0.5
1513	0.03371124276	0.5	0.8571428571	0.5
1514	0.03365836612	0.5	0.8571428571	0.5
1515	0.0336174087	0.5	0.8571428571	0.5
1516	0.03357661081	0.5	0.8571428571	0.5
1517	0.03352468234	0.5	0.8571428571	0.5
1518	0.03346021804	0.5	0.8571428571	0.5
1519	0.03339595639	0.5	0.8571428571	0.5
1520	0.0333318968	0.5	0.8571428571	0.5
1521	0.03329147635	0.5	0.8571428571	0.5
1522	0.03325121353	0.5	0.8571428571	0.5
1523	0.03321110777	0.5	0.8571428571	0.5
1524	0.03317115848	0.5	0.8571428571	0.5
1525	0.03313136509	0.5	0.8571428571	0.5
1526	0.03309172703	0.5	0.8571428571	0.5
1527	0.03305224371	0.5	0.8571428571	0.5
1528	0.03301291457	0.5	0.8571428571	0.5
1529	0.03297373903	0.5	0.8571428571	0.5
1530	0.03293471654	0.5	0.8571428571	0.5
1531	0.03288338732	0.5	0.8571428571	0.5
1532	0.03284459568	0.5	0.8571428571	0.5
1533	0.03280595566	0.5	0.8571428571	0.5
1534	0.03276746672	0.5	0.8571428571	0.5
1535	0.03272912828	0.5	0.8571428571	0.5
1536	0.03269093979	0.5	0.8571428571	0.5
1537	0.03265290069	0.5	0.8571428571	0.5
1538	0.03261501044	0.5	0.8571428571	0.5
1539	0.03257726847	0.5	0.8571428571	0.5
1540	0.03253967425	0.5	0.8571428571	0.5
1541	0.03250222722	0.5	0.8571428571	0.5
1542	0.03245211006	0.5	0.8571428571	0.5
1543	0.03240188979	0.5	0.8571428571	0.5
1544	0.03236472357	0.5	0.8571428571	0.5
1545	0.03232770308	0.5	0.8571428571	0.5
1546	0.03229082775	0.5	0.8571428571	0.5
1547	0.03225409705	0.5	0.8571428571	0.5
1548	0.03221751046	0.5	0.8571428571	0.5
1549	0.03216797892	0.5	0.8571428571	0.5
1550	0.03211846462	0.5	0.8571428571	0.5
1551	0.03208215317	0.5	0.8571428571	0.5
1552	0.03204598437	0.5	0.8571428571	0.5
1553	0.03200995768	0.5	0.8571428571	0.5
1554	0.03197407257	0.5	0.8571428571	0.5
1555	0.03190154083	0.5	0.8571428571	0.5
1556	0.03182923096	0.5	0.8571428571	0.5
1557	0.03175714223	0.5	0.8571428571	0.5
1558	0.03169563211	0.5	0.8571428571	0.5
1559	0.03162392231	0.5	0.8571428571	0.5
1560	0.03156276046	0.5	0.8571428571	0.5
1561	0.03150178777	0.5	0.8571428571	0.5
1562	0.03144100372	0.5	0.8571428571	0.5
1563	0.03136998415	0.5	0.8571428571	0.5
1564	0.03130954418	0.5	0.8571428571	0.5
1565	0.03124929123	0.5	0.8571428571	0.5
1566	0.03118922477	0.5	0.8571428571	0.5
1567	0.03112934425	0.5	0.8571428571	0.5
1568	0.03107930556	0.5	0.8571428571	0.5
1569	0.03101967972	0.5	0.8571428571	0.5
1570	0.03096023861	0.5	0.8571428571	0.5
1571	0.03090098169	0.5	0.8571428571	0.5
1572	0.0308650285	0.5	0.8571428571	0.5
1573	0.03080602405	0.5	0.8571428571	0.5
1574	0.03074720244	0.5	0.8571428571	0.5
1575	0.03068856316	0.5	0.8571428571	0.5
1576	0.03065294789	0.5	0.8571428571	0.5
1577	0.03059455813	0.5	0.8571428571	0.5
1578	0.03053634936	0.5	0.8571428571	0.5
1579	0.03050100035	0.5	0.8571428571	0.5
1580	0.03044303898	0.5	0.8571428571	0.5
1581	0.03038525729	0.5	0.8571428571	0.5
1582	0.03032765478	0.5	0.8571428571	0.5
1583	0.03029263534	0.5	0.8571428571	0.5
1584	0.03023527732	0.5	0.8571428571	0.5
1585	0.03017809717	0.5	0.8571428571	0.5
1586	0.03012109439	0.5	0.8571428571	0.5
1587	0.03008639986	0.5	0.8571428571	0.5
1588	0.03002963871	0.5	0.8571428571	0.5
1589	0.02997305365	0.5	0.8571428571	0.5
1590	0.02992573253	0.5	0.8571428571	0.5
1591	0.0298694041	0.5	0.8571428571	0.5
1592	0.02981325047	0.5	0.8571428571	0.5
1593	0.02976627836	0.5	0.8571428571	0.5
1594	0.0297103792	0.5	0.8571428571	0.5
1595	0.02965465356	0.5	0.8571428571	0.5
1596	0.02960802722	0.5	0.8571428571	0.5
1597	0.02955255391	0.5	0.8571428571	0.5
1598	0.02949725287	0.5	0.8571428571	0.5
1599	0.02945096909	0.5	0.8571428571	0.5
1600	0.02939591826	0.5	0.8571428571	0.5
1601	0.02934103842	0.5	0.8571428571	0.5
1602	0.0292863291	0.5	0.8571428571	0.5
1603	0.02924046231	0.5	0.8571428571	0.5
1604	0.02918600035	0.5	0.8571428571	0.5
1605	0.02914039219	0.5	0.8571428571	0.5
1606	0.02908617626	0.5	0.8571428571	0.5
1607	0.02903212885	0.5	0.8571428571	0.5
1608	0.02898685386	0.5	0.8571428571	0.5
1609	0.02893305041	0.5	0.8571428571	0.5
1610	0.02887941426	0.5	0.8571428571	0.5
1611	0.02883446936	0.5	0.8571428571	0.5
1612	0.02878107513	0.5	0.8571428571	0.5
1613	0.02872784699	0.5	0.8571428571	0.5
1614	0.02868322914	0.5	0.8571428571	0.5
1615	0.02863024089	0.5	0.8571428571	0.5
1616	0.02857741752	0.5	0.8571428571	0.5
1617	0.02853312371	0.5	0.8571428571	0.5
1618	0.02848053823	0.5	0.8571428571	0.5
1619	0.02844050717	0.5	0.8571428571	0.5
1620	0.02840065049	0.5	0.8571428571	0.5
1621	0.0283568573	0.5	0.8571428571	0.5
1622	0.02831729968	0.5	0.8571428571	0.5
1623	0.02827382994	0.5	0.8571428571	0.5
1624	0.02823055996	0.5	0.8571428571	0.5
1625	0.02818748869	0.5	0.8571428571	0.5
1626	0.0281461748	0.5	0.8571428571	0.5
1627	0.02811385545	0.5	0.8571428571	0.5
1628	0.02808166584	0.5	0.8571428571	0.5
1629	0.0280496055	0.5	0.8571428571	0.5
1630	0.0280176739	0.5	0.8571428571	0.5
1631	0.02797737504	0.5	0.8571428571	0.5
1632	0.02793498233	0.5	0.8571428571	0.5
1633	0.02790330465	0.5	0.8571428571	0.5
1634	0.02786339175	0.5	0.8571428571	0.5
1635	0.02783190171	0.5	0.8571428571	0.5
1636	0.02780053826	0.5	0.8571428571	0.5
1637	0.02776896468	0.5	0.8571428571	0.5
1638	0.02773085766	0.5	0.8571428571	0.5
1639	0.02769946248	0.5	0.8571428571	0.5
1640	0.02766158143	0.5	0.8571428571	0.5
1641	0.02761995666	0.5	0.8571428571	0.5
1642	0.02758066329	0.5	0.8571428571	0.5
1643	0.02753937285	0.5	0.8571428571	0.5
1644	0.02750039626	0.5	0.8571428571	0.5
1645	0.0274695566	0.5	0.8571428571	0.5
1646	0.02743206468	0.5	0.8571428571	0.5
1647	0.0273947358	0.5	0.8571428571	0.5
1648	0.02735756932	0.5	0.8571428571	0.5
1649	0.02732056457	0.5	0.8571428571	0.5
1650	0.02726980599	0.5	0.8571428571	0.5
1651	0.02721920479	0.5	0.8571428571	0.5
1652	0.02716876052	0.5	0.8571428571	0.5
1653	0.02713907989	0.5	0.8571428571	0.5
1654	0.02710950109	0.5	0.8571428571	0.5
1655	0.02708002374	0.5	0.8571428571	0.5
1656	0.02705064745	0.5	0.8571428571	0.5
1657	0.02702137185	0.5	0.8571428571	0.5
1658	0.02698334952	0.5	0.8571428571	0.5
1659	0.02694549513	0.5	0.8571428571	0.5
1660	0.02690780792	0.5	0.8571428571	0.5
1661	0.02686821342	0.5	0.8571428571	0.5
1662	0.02683083019	0.5	0.8571428571	0.5
1663	0.02680084708	0.5	0.8571428571	0.5
1664	0.02676368363	0.5	0.8571428571	0.5
1665	0.02672460121	0.5	0.8571428571	0.5
1666	0.02669485195	0.5	0.8571428571	0.5
1667	0.02666522354	0.5	0.8571428571	0.5
1668	0.02662846725	0.5	0.8571428571	0.5
1669	0.02658981183	0.5	0.8571428571	0.5
1670	0.02653007236	0.5	0.8571428571	0.5
1671	0.02647051406	0.5	0.8571428571	0.5
1672	0.02642263309	0.5	0.8571428571	0.5
1673	0.026374997	0.5	0.8571428571	0.5
1674	0.02632760443	0.5	0.8571428571	0.5
1675	0.02628045404	0.5	0.8571428571	0.5
1676	0.02623354449	0.5	0.8571428571	0.5
1677	0.02618687443	0.5	0.8571428571	0.5
1678	0.02614044256	0.5	0.8571428571	0.5
1679	0.02609525836	0.5	0.8571428571	0.5
1680	0.02605024707	0.5	0.8571428571	0.5
1681	0.0260042176	0.5	0.8571428571	0.5
1682	0.02595946116	0.5	0.8571428571	0.5
1683	0.02591487612	0.5	0.8571428571	0.5
1684	0.02587046188	0.5	0.8571428571	0.5
1685	0.02582491382	0.5	0.8571428571	0.5
1686	0.02578075165	0.5	0.8571428571	0.5
1687	0.02575364449	0.5	0.8571428571	0.5
1688	0.02570973634	0.5	0.8571428571	0.5
1689	0.02568280627	0.5	0.8571428571	0.5
1690	0.02565596827	0.5	0.8571428571	0.5
1691	0.02562922199	0.5	0.8571428571	0.5
1692	0.0256025671	0.5	0.8571428571	0.5
1693	0.02557600326	0.5	0.8571428571	0.5
1694	0.02555202626	0.5	0.8571428571	0.5
1695	0.02552812662	0.5	0.8571428571	0.5
1696	0.02550430412	0.5	0.8571428571	0.5
1697	0.02548055856	0.5	0.8571428571	0.5
1698	0.02545688973	0.5	0.8571428571	0.5
1699	0.02543329741	0.5	0.8571428571	0.5
1700	0.0254097814	0.5	0.8571428571	0.5
1701	0.02538634148	0.5	0.8571428571	0.5
1702	0.02536297746	0.5	0.8571428571	0.5
1703	0.02533968912	0.5	0.8571428571	0.5
1704	0.02531647626	0.5	0.8571428571	0.5
1705	0.02529333866	0.5	0.8571428571	0.5
1706	0.02527027613	0.5	0.8571428571	0.5
1707	0.02524728845	0.5	0.8571428571	0.5
1708	0.02522437542	0.5	0.8571428571	0.5
1709	0.02520153684	0.5	0.8571428571	0.5
1710	0.02517877249	0.5	0.8571428571	0.5
1711	0.02515608218	0.5	0.8571428571	0.5
1712	0.02513346571	0.5	0.8571428571	0.5
1713	0.02511092286	0.5	0.8571428571	0.5
1714	0.02508845343	0.5	0.8571428571	0.5
1715	0.02506605723	0.5	0.8571428571	0.5
1716	0.02504373405	0.5	0.8571428571	0.5
1717	0.02502148369	0.5	0.8571428571	0.5
1718	0.02499930594	0.5	0.8571428571	0.5
1719	0.02496582916	0.5	0.8571428571	0.5
1720	0.02493244624	0.5	0.8571428571	0.5
1721	0.02488247208	0.5	0.8571428571	0.5
1722	0.02486040259	0.5	0.8571428571	0.5
1723	0.0248271894	0.5	0.8571428571	0.5
1724	0.02477755245	0.5	0.8571428571	0.5
1725	0.02472815888	0.5	0.8571428571	0.5
1726	0.02467900753	0.5	0.8571428571	0.5
1727	0.02463009722	0.5	0.8571428571	0.5
1728	0.02458816528	0.5	0.8571428571	0.5
1729	0.02453962146	0.5	0.8571428571	0.5
1730	0.02451774993	0.5	0.8571428571	0.5
1731	0.02447612112	0.5	0.8571428571	0.5
1732	0.0244279629	0.5	0.8571428571	0.5
1733	0.02440619215	0.5	0.8571428571	0.5
1734	0.02437365601	0.5	0.8571428571	0.5
1735	0.0243258223	0.5	0.8571428571	0.5
1736	0.02428469897	0.5	0.8571428571	0.5
1737	0.0242578088	0.5	0.8571428571	0.5
1738	0.0242310235	0.5	0.8571428571	0.5
1739	0.02420601997	0.5	0.8571428571	0.5
1740	0.02418443144	0.5	0.8571428571	0.5
1741	0.02415781908	0.5	0.8571428571	0.5
1742	0.02413632747	0.5	0.8571428571	0.5
1743	0.02410984545	0.5	0.8571428571	0.5
1744	0.02408845027	0.5	0.8571428571	0.5
1745	0.02406712494	0.5	0.8571428571	0.5
1746	0.02403511586	0.5	0.8571428571	0.5
1747	0.02400884127	0.5	0.8571428571	0.5
1748	0.02398266949	0.5	0.8571428571	0.5
1749	0.02396147132	0.5	0.8571428571	0.5
1750	0.02393542776	0.5	0.8571428571	0.5
1751	0.02391432452	0.5	0.8571428571	0.5
1752	0.02388840854	0.5	0.8571428571	0.5
1753	0.02386739973	0.5	0.8571428571	0.5
1754	0.02384645957	0.5	0.8571428571	0.5
1755	0.02380935183	0.5	0.8571428571	0.5
1756	0.02377770127	0.5	0.8571428571	0.5
1757	0.02374613946	0.5	0.8571428571	0.5
1758	0.02371360958	0.5	0.8571428571	0.5
1759	0.02368215783	0.5	0.8571428571	0.5
1760	0.02365079433	0.5	0.8571428571	0.5
1761	0.02361841948	0.5	0.8571428571	0.5
1762	0.0235871652	0.5	0.8571428571	0.5
1763	0.02355599865	0.5	0.8571428571	0.5
1764	0.02352377761	0.5	0.8571428571	0.5
1765	0.02349271946	0.5	0.8571428571	0.5
1766	0.02343999838	0.5	0.8571428571	0.5
1767	0.02338743491	0.5	0.8571428571	0.5
1768	0.02333502852	0.5	0.8571428571	0.5
1769	0.02330425458	0.5	0.8571428571	0.5
1770	0.02325207004	0.5	0.8571428571	0.5
1771	0.02320004137	0.5	0.8571428571	0.5
1772	0.02314816806	0.5	0.8571428571	0.5
1773	0.02309644957	0.5	0.8571428571	0.5
1774	0.02304488541	0.5	0.8571428571	0.5
1775	0.02302130514	0.5	0.8571428571	0.5
1776	0.02299099527	0.5	0.8571428571	0.5
1777	0.02293968487	0.5	0.8571428571	0.5
1778	0.02288852752	0.5	0.8571428571	0.5
1779	0.02286515492	0.5	0.8571428571	0.5
1780	0.02284186393	0.5	0.8571428571	0.5
1781	0.02281865423	0.5	0.8571428571	0.5
1782	0.02278881273	0.5	0.8571428571	0.5
1783	0.02273798086	0.5	0.8571428571	0.5
1784	0.02271495928	0.5	0.8571428571	0.5
1785	0.02269201805	0.5	0.8571428571	0.5
1786	0.02264228622	0.5	0.8571428571	0.5
1787	0.02261947232	0.5	0.8571428571	0.5
1788	0.02259673805	0.5	0.8571428571	0.5
1789	0.0225740831	0.5	0.8571428571	0.5
1790	0.02252463662	0.5	0.8571428571	0.5
1791	0.02249548135	0.5	0.8571428571	0.5
1792	0.02244624322	0.5	0.8571428571	0.5
1793	0.0224238304	0.5	0.8571428571	0.5
1794	0.0224014958	0.5	0.8571428571	0.5
1795	0.02237923914	0.5	0.8571428571	0.5
1796	0.02233028204	0.5	0.8571428571	0.5
1797	0.0223015952	0.5	0.8571428571	0.5
1798	0.02225284381	0.5	0.8571428571	0.5
1799	0.02223082484	0.5	0.8571428571	0.5
1800	0.02220888273	0.5	0.8571428571	0.5
1801	0.02216036309	0.5	0.8571428571	0.5
1802	0.02213854259	0.5	0.8571428571	0.5
1803	0.0221103165	0.5	0.8571428571	0.5
1804	0.02206204497	0.5	0.8571428571	0.5
1805	0.02204265134	0.5	0.8571428571	0.5
1806	0.02202332096	0.5	0.8571428571	0.5
1807	0.0219752807	0.5	0.8571428571	0.5
1808	0.02195605893	0.5	0.8571428571	0.5
1809	0.0219368999	0.5	0.8571428571	0.5
1810	0.02188908939	0.5	0.8571428571	0.5
1811	0.02186761881	0.5	0.8571428571	0.5
1812	0.02184858555	0.5	0.8571428571	0.5
1813	0.02182961447	0.5	0.8571428571	0.5
1814	0.02180113368	0.5	0.8571428571	0.5
1815	0.0217536501	0.5	0.8571428571	0.5
1816	0.02170630386	0.5	0.8571428571	0.5
1817	0.02167872384	0.5	0.8571428571	0.5
1818	0.02163157557	0.5	0.8571428571	0.5
1819	0.02161046188	0.5	0.8571428571	0.5
1820	0.02159172121	0.5	0.8571428571	0.5
1821	0.02154479648	0.5	0.8571428571	0.5
1822	0.02152616107	0.5	0.8571428571	0.5
1823	0.02150758659	0.5	0.8571428571	0.5
1824	0.02147952209	0.5	0.8571428571	0.5
1825	0.02143287441	0.5	0.8571428571	0.5
1826	0.02138636155	0.5	0.8571428571	0.5
1827	0.02135931126	0.5	0.8571428571	0.5
1828	0.02131299247	0.5	0.8571428571	0.5
1829	0.02129228865	0.5	0.8571428571	0.5
1830	0.02127393892	0.5	0.8571428571	0.5
1831	0.02122783899	0.5	0.8571428571	0.5
1832	0.0212011076	0.5	0.8571428571	0.5
1833	0.02115519969	0.5	0.8571428571	0.5
1834	0.02113700838	0.5	0.8571428571	0.5
1835	0.02111887659	0.5	0.8571428571	0.5
1836	0.02107318632	0.5	0.8571428571	0.5
1837	0.02105515621	0.5	0.8571428571	0.5
1838	0.02103718515	0.5	0.8571428571	0.5
1839	0.02099171108	0.5	0.8571428571	0.5
1840	0.02097139373	0.5	0.8571428571	0.5
1841	0.02095354008	0.5	0.8571428571	0.5
1842	0.02092615691	0.5	0.8571428571	0.5
1843	0.0208799097	0.5	0.8571428571	0.5
1844	0.02085265601	0.5	0.8571428571	0.5
1845	0.02080666422	0.5	0.8571428571	0.5
1846	0.02077953934	0.5	0.8571428571	0.5
1847	0.02075249124	0.5	0.8571428571	0.5
1848	0.02070680477	0.5	0.8571428571	0.5
1849	0.02067988449	0.5	0.8571428571	0.5
1850	0.02063445018	0.5	0.8571428571	0.5
1851	0.02060765706	0.5	0.8571428571	0.5
1852	0.02058093992	0.5	0.8571428571	0.5
1853	0.02053580685	0.5	0.8571428571	0.5
1854	0.02050921591	0.5	0.8571428571	0.5
1855	0.02046433179	0.5	0.8571428571	0.5
1856	0.02043786636	0.5	0.8571428571	0.5
1857	0.02041147614	0.5	0.8571428571	0.5
1858	0.02036688922	0.5	0.8571428571	0.5
1859	0.02034062357	0.5	0.8571428571	0.5
1860	0.02029628243	0.5	0.8571428571	0.5
1861	0.02027014069	0.5	0.8571428571	0.5
1862	0.02024407338	0.5	0.8571428571	0.5
1863	0.02020002546	0.5	0.8571428571	0.5
1864	0.02017408112	0.5	0.8571428571	0.5
1865	0.02013027584	0.5	0.8571428571	0.5
1866	0.02010445383	0.5	0.8571428571	0.5
1867	0.02007870548	0.5	0.8571428571	0.5
1868	0.02003381112	0.5	0.8571428571	0.5
1869	0.02000818965	0.5	0.8571428571	0.5
1870	0.01998264134	0.5	0.8571428571	0.5
1871	0.01993805698	0.5	0.8571428571	0.5
1872	0.0199126346	0.5	0.8571428571	0.5
1873	0.0198683054	0.5	0.8571428571	0.5
1874	0.01984300829	0.5	0.8571428571	0.5
1875	0.01981778355	0.5	0.8571428571	0.5
1876	0.01977376035	0.5	0.8571428571	0.5
1877	0.01974865993	0.5	0.8571428571	0.5
1878	0.01972363139	0.5	0.8571428571	0.5
1879	0.01967991197	0.5	0.8571428571	0.5
1880	0.01965500682	0.5	0.8571428571	0.5
1881	0.01963017307	0.5	0.8571428571	0.5
1882	0.01958675522	0.5	0.8571428571	0.5
1883	0.01956204393	0.5	0.8571428571	0.5
1884	0.01953740355	0.5	0.8571428571	0.5
1885	0.01949428507	0.5	0.8571428571	0.5
1886	0.01946976623	0.5	0.8571428571	0.5
1887	0.01944531783	0.5	0.8571428571	0.5
1888	0.01940249655	0.5	0.8571428571	0.5
1889	0.01937816878	0.5	0.8571428571	0.5
1890	0.01935391097	0.5	0.8571428571	0.5
1891	0.01931138472	0.5	0.8571428571	0.5
1892	0.01928724662	0.5	0.8571428571	0.5
1893	0.01924496367	0.5	0.8571428571	0.5
1894	0.01922094467	0.5	0.8571428571	0.5
1895	0.01919699487	0.5	0.8571428571	0.5
1896	0.01915500315	0.5	0.8571428571	0.5
1897	0.01913117154	0.5	0.8571428571	0.5
1898	0.01910740867	0.5	0.8571428571	0.5
1899	0.01906570606	0.5	0.8571428571	0.5
1900	0.01904206049	0.5	0.8571428571	0.5
1901	0.0190184832	0.5	0.8571428571	0.5
1902	0.01897706759	0.5	0.8571428571	0.5
1903	0.01895360671	0.5	0.8571428571	0.5
1904	0.01893021366	0.5	0.8571428571	0.5
1905	0.01888908296	0.5	0.8571428571	0.5
1906	0.01886580544	0.5	0.8571428571	0.5
1907	0.01884259528	0.5	0.8571428571	0.5
1908	0.01880174742	0.5	0.8571428571	0.5
1909	0.01877865193	0.5	0.8571428571	0.5
1910	0.01873803769	0.5	0.8571428571	0.5
1911	0.01871505628	0.5	0.8571428571	0.5
1912	0.01869214149	0.5	0.8571428571	0.5
1913	0.01865180644	0.5	0.8571428571	0.5
1914	0.01862900486	0.5	0.8571428571	0.5
1915	0.01860626946	0.5	0.8571428571	0.5
1916	0.01856621155	0.5	0.8571428571	0.5
1917	0.01854358851	0.5	0.8571428571	0.5
1918	0.01852103119	0.5	0.8571428571	0.5
1919	0.01848124843	0.5	0.8571428571	0.5
1920	0.01845880262	0.5	0.8571428571	0.5
1921	0.0184364221	0.5	0.8571428571	0.5
1922	0.01839691246	0.5	0.8571428571	0.5
1923	0.01837464261	0.5	0.8571428571	0.5
1924	0.01835348283	0.5	0.8571428571	0.5
1925	0.0183142446	0.5	0.8571428571	0.5
1926	0.01829319215	0.5	0.8571428571	0.5
1927	0.01827220134	0.5	0.8571428571	0.5
1928	0.01825127204	0.5	0.8571428571	0.5
1929	0.01822603407	0.5	0.8571428571	0.5
1930	0.01820087503	0.5	0.8571428571	0.5
1931	0.01817579466	0.5	0.8571428571	0.5
1932	0.01813697424	0.5	0.8571428571	0.5
1933	0.01811620624	0.5	0.8571428571	0.5
1934	0.01809549911	0.5	0.8571428571	0.5
1935	0.01807056761	0.5	0.8571428571	0.5
1936	0.01804571393	0.5	0.8571428571	0.5
1937	0.01802093781	0.5	0.8571428571	0.5
1938	0.01798248574	0.5	0.8571428571	0.5
1939	0.01796193742	0.5	0.8571428571	0.5
1940	0.01794144933	0.5	0.8571428571	0.5
1941	0.01792102134	0.5	0.8571428571	0.5
1942	0.01789640917	0.5	0.8571428571	0.5
1943	0.01787187362	0.5	0.8571428571	0.5
1944	0.01784741444	0.5	0.8571428571	0.5
1945	0.01780937058	0.5	0.8571428571	0.5
1946	0.01778909851	0.5	0.8571428571	0.5
1947	0.01776888591	0.5	0.8571428571	0.5
1948	0.01774873265	0.5	0.8571428571	0.5
1949	0.01772443423	0.5	0.8571428571	0.5
1950	0.01770021125	0.5	0.8571428571	0.5
1951	0.01767606348	0.5	0.8571428571	0.5
1952	0.01763842285	0.5	0.8571428571	0.5
1953	0.01761842267	0.5	0.8571428571	0.5
1954	0.01759848123	0.5	0.8571428571	0.5
1955	0.01757045211	0.5	0.8571428571	0.5
1956	0.01754252358	0.5	0.8571428571	0.5
1957	0.01751469531	0.5	0.8571428571	0.5
1958	0.01747741875	0.5	0.8571428571	0.5
1959	0.01745647292	0.5	0.8571428571	0.5
1960	0.01742880201	0.5	0.8571428571	0.5
1961	0.01740123036	0.5	0.8571428571	0.5
1962	0.01736423692	0.5	0.8571428571	0.5
1963	0.0173434393	0.5	0.8571428571	0.5
1964	0.01731602327	0.5	0.8571428571	0.5
1965	0.01728870552	0.5	0.8571428571	0.5
1966	0.01725199296	0.5	0.8571428571	0.5
1967	0.01723134206	0.5	0.8571428571	0.5
1968	0.01720417821	0.5	0.8571428571	0.5
1969	0.01717711165	0.5	0.8571428571	0.5
1970	0.01714067775	0.5	0.8571428571	0.5
1971	0.01712017212	0.5	0.8571428571	0.5
1972	0.01709325777	0.5	0.8571428571	0.5
1973	0.01706643976	0.5	0.8571428571	0.5
1974	0.01703028231	0.5	0.8571428571	0.5
1975	0.01700992051	0.5	0.8571428571	0.5
1976	0.01698325302	0.5	0.8571428571	0.5
1977	0.01695668093	0.5	0.8571428571	0.5
1978	0.01692079776	0.5	0.8571428571	0.5
1979	0.01690057835	0.5	0.8571428571	0.5
1980	0.01687415513	0.5	0.8571428571	0.5
1981	0.01684782637	0.5	0.8571428571	0.5
1982	0.01681221533	0.5	0.8571428571	0.5
1983	0.01679213691	0.5	0.8571428571	0.5
1984	0.01676595539	0.5	0.8571428571	0.5
1985	0.0167398674	0.5	0.8571428571	0.5
1986	0.01670452635	0.5	0.8571428571	0.5
1987	0.01668458753	0.5	0.8571428571	0.5
1988	0.01665864517	0.5	0.8571428571	0.5
1989	0.01663279543	0.5	0.8571428571	0.5
1990	0.01660703799	0.5	0.8571428571	0.5
1991	0.01657199685	0.5	0.8571428571	0.5
1992	0.0165522159	0.5	0.8571428571	0.5
1993	0.01652660191	0.5	0.8571428571	0.5
1994	0.01650107933	0.5	0.8571428571	0.5
1995	0.01646630354	0.5	0.8571428571	0.5
1996	0.01644665912	0.5	0.8571428571	0.5
1997	0.01642127842	0.5	0.8571428571	0.5
1998	0.01639598825	0.5	0.8571428571	0.5
1999	0.01636147573	0.5	0.8571428571	0.5
